id,name,active,email
8a025a03-c009-48fe-ae7d-93d6e35d3051,Risa,true,ftruswell0@archive.org
bd35b113-fdcc-43c9-9396-8ec617ea82db,Orren,true,bratcliff1@flickr.com
1684e492-3a39-4511-ba18-75054022e76c,Eilis,true,dfante2@desdev.cn
eda94348-01d1-4b45-9f94-717d83710583,Maximilian,false,lshiel3@simplemachines.org
e95a0225-caff-404d-9275-593ba4343b0c,Reta,true,kteresia4@cbslocal.com
5ca580ea-121b-4dcd-97d7-6fde9e3cd43c,Drucill,true,mcouth5@wikia.com
2855edfe-0dd3-4787-8e81-2040b81d2fca,Gregory,false,lcaplin6@ycombinator.com
84e7fa58-fdff-429a-84d6-dc1d6c8ec6e2,Sofie,true,sknock7@hud.gov
93c1054c-6ac7-4d0c-83b5-a9038777aa4f,Raynard,false,rmarle8@amazon.de
54479f83-fc1c-40c1-aab7-e349d6e8632d,Nicky,true,mhardy9@about.me
6604cfe9-cea5-47b7-8998-151768d4106f,Lenka,false,lblurtona@go.com
2df55558-ced5-4abd-b77e-a6da4320fcaf,Lorene,false,kdaalb@ocn.ne.jp
c3582d54-b6f8-4b2d-9bc7-d68a6d3d8955,Janaye,true,eyanukc@reuters.com
755161c9-9260-46e7-926b-ed1bdcb8aa8c,Shirley,true,clondond@com.com
2b2407ca-331a-44aa-a071-0819fd39c4d4,Tiler,false,oorrille@pcworld.com
9bf59064-9a7f-4057-b7e8-310ca45920b9,Hannis,false,goxxf@vkontakte.ru
48bbb93a-e804-430c-bcc3-dc7cbdabaa0c,Kassandra,false,flathwellg@chron.com
44fb885d-fce5-4b0a-ab59-d991cfc52914,Kellen,false,bhullyerh@cnet.com
edf2623a-4eac-4e65-8822-91cab95b8bad,Langston,false,mfrottoni@mapquest.com
040d1c72-6a11-4d6f-8ebb-d8b2e38e9e2b,Melli,false,rtrimbyj@tumblr.com
47dc9965-19c9-413a-8636-bdb37dd58f83,Chaddie,true,fivantsovk@ifeng.com
300a9723-7402-48ee-9079-e88a6144bae8,Othello,true,dbalasinil@barnesandnoble.com
f89cfc53-c748-4753-a343-47dde1ec8aed,Marylynne,false,tfeldfisherm@sfgate.com
99d43f43-9d10-4849-9bfe-2b45b7504d15,Margy,false,aouldcottn@ustream.tv
5a1fc52d-2cb0-48ba-b2c1-753ae7d389cc,Reynard,true,vpaybodyo@telegraph.co.uk
b493bd24-85dd-4cb2-9660-c8d7bf5a70e2,Ernesta,false,etobiasp@behance.net
734b7dcc-538c-4cb3-8e22-29fa9f30ca29,Beniamino,true,euebelq@home.pl
452bcec4-3083-4622-8f77-39826f40e060,Teriann,true,cdumphriesr@github.com
9811dd31-e928-43a3-9025-c3c24fd7c651,Haily,false,vcescos@trellian.com
b8eb27d0-d26e-4af1-b2d0-5c5622c4671f,Callie,true,cgrenshielst@soup.io
c4d6f737-6253-4b58-8f62-076ac01ae94a,Halimeda,true,mburrowsu@ucoz.ru
af8807df-75bf-4b6f-a5a1-d2418f7e1f98,Jeralee,true,lfoardv@zimbio.com
6989db70-901c-4068-b74a-41818c37b1a6,Tristan,true,dkohnw@dell.com
e1911d6c-8db7-4b1b-88cd-360e362e372c,Delaney,true,omctiernanx@hexun.com
04c5cbec-8940-46bd-a973-b042fcddc18b,Levin,false,mlampeny@tinyurl.com
439e8f5a-3a17-498f-94d9-5a53bd24a3b9,Eilis,false,hkingsworthz@springer.com
4d4e68c5-4c10-43ce-87b3-b62bbd42ff68,Celisse,false,gadriani10@aboutads.info
44730fd5-37dc-43d2-8096-525db7296cec,Hilton,false,deasun11@networkadvertising.org
6affe3ae-ddc7-43ce-8e01-2774d2ab9729,Robb,false,gdemaine12@google.com.br
d066500a-8e3e-4387-bea8-2049f328de9a,Che,true,tkohter13@usa.gov
deac55ba-5d25-422a-b937-3914dc6b9920,Luciana,true,mpellew14@issuu.com
76d37c82-02d6-4e58-bff8-31ea1a1c7b3f,Al,false,lstaves15@joomla.org
f512ebe0-dcf4-45f8-9a93-38bb438c8412,Rhetta,false,evolcker16@elpais.com
7d5ede7d-1e57-4e91-a789-abb656e15e6a,Darby,false,lramalho17@mozilla.org
5ab30936-f201-4af1-bf70-085497185303,Mateo,true,tquarton18@furl.net
ac43e717-6264-4cef-a59e-ee61d01f8a6e,Jacquelynn,false,agiovannoni19@unesco.org
9f3407b7-d6c7-4a64-be11-00b0cfb46385,Staffard,false,akestell1a@shop-pro.jp
67ac7223-65f1-43ae-b6af-693804a5307a,Maximilian,false,mmesnard1b@about.com
e7e327d5-4eca-4345-99e3-efc4616f4391,Laurianne,false,kbriddle1c@bing.com
0d31edc7-8813-4fe7-8ae9-070e2583d552,Betteann,true,msainsbury1d@cisco.com
c8054fae-5529-4cb1-8bf7-bc180d371b87,Wallis,true,prowdell1e@etsy.com
906d1c18-5fbb-4695-988e-9a793300e1e0,Niko,true,ktomczykiewicz1f@buzzfeed.com
2b58a96f-f514-4ff6-a8bb-3b99c07b1967,Brinn,false,ccowndley1g@wiley.com
ea097ab6-c886-4ff3-8e53-2c56209d9f41,Nydia,false,cdinisco1h@woothemes.com
022bf557-c427-410a-8572-3c6b22bf9777,Derrik,false,agerler1i@reference.com
2a7cfdf4-7276-4bd2-8fd9-f10f1a99475a,Shawn,true,jnorcliffe1j@weibo.com
e98e20ee-bd47-416d-9a17-184954ad29af,Salli,false,gbarhims1k@dailymotion.com
72774292-067a-44f2-a5dc-f22b46c0c5c7,Elfrieda,true,lmeredyth1l@loc.gov
50759bc7-f1f0-4655-b40f-3e81e0e9d7dc,Franz,false,btipping1m@privacy.gov.au
0c6cc5b3-fd3d-45a5-bae0-4e0131c71386,Towny,false,jmccarly1n@state.gov
795d18c0-e085-4d06-bd70-457c4cf1c218,Eveline,true,acotterill1o@guardian.co.uk
ba892545-e520-4854-b062-65d1c2937dbe,Ephrayim,false,rleward1p@timesonline.co.uk
61e7b7fa-133f-4d9f-bd61-baa8c750166a,Nat,true,seat1q@tripod.com
97161dbc-b354-4189-9e60-b4e1eace715d,Jaime,false,clower1r@yelp.com
dd11635f-22bd-4c14-aaba-5231467785ea,Simonette,true,bastill1s@youku.com
8f314aa6-e1e8-4824-8fc1-04a0e815ed61,Earlie,true,rsymon1t@marketwatch.com
1f03f4c1-3805-42b4-8717-03a85156b8c9,Juanita,false,ksaggers1u@java.com
a67126bf-5c2e-406e-8f61-37617c774553,Melvyn,true,tlanham1v@noaa.gov
0caee6a7-dae4-4183-b637-3ae9f76c48cd,Mickey,false,rstapleford1w@buzzfeed.com
b2d49cb1-bc05-4236-bb0a-2b864f403910,Ware,false,ceich1x@ezinearticles.com
10e571c4-0e10-4de5-9903-4a618fce2c67,Camella,true,jsproat1y@nih.gov
c57cdb05-b5e1-4928-8070-e837bf14ed84,Langston,true,bgoscar1z@desdev.cn
d33c54fb-19e0-4a53-a9f9-67d7dc571365,Lyndsay,false,dgraalman20@purevolume.com
02550246-fbab-4a93-a49b-d70a46dc7dad,Brade,false,adominico21@usa.gov
403ba330-d2f0-467c-9391-db8cedb9aac5,Evey,true,hvsanelli22@com.com
a98a35ca-fc6c-4ee6-80ee-cda0d42ebf32,Cirilo,true,mmasic23@comsenz.com
5440f78c-ae45-477d-804f-8e9efabc781d,Annabelle,false,fwerndley24@rediff.com
1fc54206-fb2b-4fc1-8f65-a10c5c7c9266,Donny,true,dmaunton25@mail.ru
1749b1bb-066c-495a-8329-f9291fa52e41,Bartolomeo,false,wstockin26@wunderground.com
b1954571-6c98-40fe-a894-3b3dc4d3883b,Wallis,true,dmacnamee27@theguardian.com
97191be2-486d-4e56-b451-7f8d146622c4,Bran,true,cartois28@drupal.org
1ea2c199-ec77-4bc4-ae85-b509b4d265fd,Natala,false,vstiven29@techcrunch.com
b7e7fb25-cdd2-4e17-bc73-69f6599bb924,Sula,false,beccleston2a@ning.com
a6480521-a2fe-4da5-a21f-6f7c39df6de0,Hardy,false,aalberti2b@fotki.com
f010f3ab-1e4d-444e-b996-47e68c62727c,Rainer,false,gglanz2c@go.com
5d3ab779-f4ac-4eb7-b9b1-3e782909c63d,Ferd,true,fiskowitz2d@state.gov
3592dc93-5198-45b8-a984-4ac5ee5e5db6,Maynard,true,kknellen2e@stanford.edu
16fc8f62-b737-41a3-8f2a-288ddd8adfe2,Cathrin,true,braisher2f@eventbrite.com
0b5d1db0-b484-4be1-bb3a-1b32fefbfc5c,Reynard,true,ldickings2g@posterous.com
0ff6b206-1ee5-4344-80b6-66c8e672d5f6,Kathryne,true,jplaistowe2h@fotki.com
d3a279f3-0802-4a17-ba3d-14eb7cd9930b,Erin,false,eshrimptone2i@creativecommons.org
8239110b-d706-4ee7-ab3f-24818ce0a44f,Nelle,false,troyall2j@jalbum.net
4afd9637-7384-470e-ad4a-47dec9905341,Dun,true,csharrock2k@bloglines.com
45beb0a4-49e8-4024-b54c-4f4b70542942,Taylor,true,estrelitzki2l@altervista.org
9e1a6091-c103-4941-a6dc-8bb006251a39,Augustina,true,rdebiasio2m@nytimes.com
64220c02-b6cf-42fd-b396-a01eeac5a58f,Sofie,false,vwoloschin2n@xinhuanet.com
9a98d5c8-170a-4d21-922e-21796835106e,Humbert,true,pfynes2o@cbsnews.com
e04d98d2-602c-4962-b245-916ecbb29ae1,Dennis,true,bfanthom2p@mlb.com
feac7759-bd75-47c2-b302-1ccb35dcf811,Julieta,false,fjuhruke2q@w3.org
4c62defc-266d-4ac9-b729-ec7f99721609,Libbi,false,grisen2r@github.com
0d7326db-11b6-4d30-908e-13a023aff116,Lorri,false,lleteve2s@sbwire.com
1b1cb8c7-5f1e-4c03-bc92-78e6a2a43ad9,Brucie,true,mthackston2t@topsy.com
d301f25e-e1f3-4bd7-bb9f-c2948fd6a53c,Miguelita,false,prichards2u@sfgate.com
b9caa4ed-25ee-4b95-9c67-735956f1860a,Evin,false,ftamsett2v@usda.gov
dc3c50a2-82b6-4afe-9c85-679fa5b2f64b,Lorain,false,mcardnell2w@163.com
015f6587-cb5d-4596-8070-c77868831988,Martie,true,jgibbs2x@twitpic.com
a3da9cda-3357-41f8-ae54-9fb2cdc70533,Edsel,true,abridgman2y@cargocollective.com
38758793-bb88-4770-a3f3-e252abec70c8,Laure,false,kbehnke2z@google.nl
7a01ab0d-97ab-49e8-84d6-0d5b2513f1a0,Linzy,true,rpendergrast30@sun.com
f63bbd95-54f1-4248-acc5-94e671009fcf,Estrellita,true,fchern31@com.com
8adc1308-2650-42a5-b6a4-d8b2e829bf2b,Merna,true,gjorden32@ocn.ne.jp
c855d37a-35e2-46d8-90d0-50d37a7bbc69,Annaliese,false,cdudgeon33@patch.com
8d8b95c5-2560-4f7f-b0ed-6df9cfa75954,Doria,true,pfrancombe34@unesco.org
da6ee57a-8dfa-467c-a174-0c062dd14e31,Jacinda,false,mcarrabott35@google.com
99576d3e-929a-4007-8e20-31f3aeec76dc,Jaquelin,false,aswett36@list-manage.com
e33140d4-112f-4b2e-b35b-c477b4b39c3b,Moll,true,siianon37@home.pl
267a1ed4-91d9-454a-bf76-3a87ef535217,Troy,false,skillich38@booking.com
d362e780-8575-4e2f-97dc-42ec219fbb80,Venita,false,vschultheiss39@disqus.com
8909e20b-bf7c-4e44-9099-29f69e0601ed,Mervin,false,tmccarlie3a@wiley.com
63d4e952-2f48-4a7f-8af6-77a390a84456,Eadith,true,wmarlin3b@shareasale.com
5c2429af-5e89-46c8-8b02-b9784b92d6fe,Augustina,true,bwanka3c@e-recht24.de
30b7a036-8e99-4584-8742-a448eb0ca537,Jobyna,false,lmccaughan3d@oracle.com
2e29c961-c4a3-4b1c-971c-9a306065cdd0,Emmery,true,djopke3e@hostgator.com
d8fff701-f8c6-4819-9fe6-e41c85664d51,Walliw,true,mheynen3f@dedecms.com
927dddaa-2a83-4f0a-ab2f-47872d1381bd,Gregor,false,pblackly3g@usa.gov
55e7dada-06cf-4cd8-8c1c-e5e991ee6dba,Jean,false,ldown3h@mac.com
74f32d77-f40c-4790-b7e7-60b8520cdfda,Constance,true,cdenney3i@spiegel.de
eb550749-33fa-432b-b390-662123f9e1fd,Dulcea,false,bbruckental3j@jigsy.com
5b60581e-e9b1-4dc4-9910-2b50e8aca911,Hayley,false,jwindrus3k@wordpress.org
67bd2f2b-173e-486a-b70d-7c8494eb5d3c,Celene,true,hhavock3l@va.gov
4b4fd038-e1a0-4e2c-a1d1-2ba6b93b34df,Christophe,true,apadefield3m@usda.gov
fb7c3bdc-080b-42d8-8604-e2f951fa1539,Clim,true,dsimonson3n@vkontakte.ru
6127c075-297d-4449-9210-266fc7b11036,Joshua,true,talbrighton3o@china.com.cn
f83fdc1a-924b-464b-80db-f17248ca39c5,Jeanelle,false,fclemett3p@reddit.com
5c8e60bf-5577-40f1-8259-0b468264b6b4,Camella,false,vmcilroy3q@php.net
db88cf14-8b1a-47ce-9e39-9525ad7ed2dc,Yulma,false,dsenussi3r@adobe.com
4dd050c8-214a-4f6a-912c-574affa6ffb9,Carlina,false,hthreadgold3s@gov.uk
6f65879e-ccf5-4065-80d5-2b0f898e97eb,Roch,true,mbushe3t@businessweek.com
c2d3eabc-fc18-45aa-b1cb-00ab5c9cb4bc,Jobyna,true,aakaster3u@digg.com
a4354d47-1a8c-4c96-8a68-22d1e76cd666,Ardelle,true,riacopini3v@wsj.com
fa31db0f-5ba0-4106-866c-9a394562f0dd,Shirley,true,dwoodfield3w@free.fr
5578c1ad-a00f-469c-9784-c2c4442947b0,Elijah,false,cbracken3x@amazonaws.com
cb1536f7-785f-4c32-8952-307110b9ecc0,Kym,true,pslade3y@amazon.de
973d3f71-8a98-4ab9-a54f-e51bb9baa4c3,Jeanelle,true,mcrigin3z@plala.or.jp
c06028f6-6c59-4e58-ae37-6717c0169840,Shay,true,fkolakovic40@globo.com
302e67be-af07-4908-8988-98250595b4d2,Teriann,true,fsoden41@prnewswire.com
24022914-9021-43e3-90eb-3bf6d185f14b,Nadya,true,vfazakerley42@desdev.cn
493cc94d-beef-4719-a665-804f33e9b014,Melvyn,true,danear43@networksolutions.com
256c0288-d438-4483-85b8-3ae5ba4aabda,Shayne,true,mshervil44@bravesites.com
3eb8c3d4-5c40-4530-9842-c4f5e6957736,Shana,false,jreadwin45@imageshack.us
56636b79-8338-4ede-a3b5-d1fda0bc8f4b,Danie,false,pchesnay46@elpais.com
ae334de3-4063-4a6d-a04f-016c4bee6380,Case,false,gcassimer47@admin.ch
c35af72e-01b6-4b67-a557-cf73fae5a58e,Wittie,false,dpick48@mit.edu
2ca4d022-09de-40bb-bd28-d09ef23e6dc5,Edna,true,jbewsey49@flavors.me
1451c370-55c3-4fc1-87e5-c0fa9e3c725b,Elfrieda,false,mparmer4a@cbslocal.com
65733137-ef1d-43e1-84bc-e95f12b1a65c,Zebulon,false,hbroadwood4b@arizona.edu
80a2f8c0-9861-4b70-b33d-687947e101b4,Corri,false,gtidridge4c@nasa.gov
7fa32b20-22b0-410f-b61e-6e7f1b024365,Annaliese,true,ncutts4d@cyberchimps.com
4d48fde2-bad4-4586-975c-817d90b35179,Christiane,true,aantonich4e@nps.gov
01a870a9-18cd-4231-be63-332c37909cc3,Sher,false,ydiggle4f@miibeian.gov.cn
dea3ed4a-3f8d-41bf-bd7f-e9838ec18109,Danie,true,ccornfield4g@blogtalkradio.com
d02ee87a-7aa6-400b-b186-410deeca037a,Darsey,true,ahendrichs4h@bloomberg.com
51e10310-d383-42c4-9a91-ec7a2591883d,Patrizia,true,jgregorace4i@sohu.com
8079c19d-d940-45b2-99e6-728ca7c057c9,Shelly,true,cgregoriou4j@wordpress.com
5873ab5b-eda5-4a5f-abc4-057b212a084b,Tiler,true,voxenford4k@xinhuanet.com
f7f1de03-539f-467d-88ee-787bdaeaad29,Binny,false,kwesker4l@state.tx.us
8be3e093-7da2-4173-b898-a82cd28c08e9,Dona,false,cdelbergue4m@yellowpages.com
2b269685-2c81-4dce-8160-5e9ef97ea1cf,Brianne,true,vkyme4n@google.fr
5b3a5707-cb60-4f32-9b06-a47301972240,Annabelle,false,yerwin4o@soup.io
e6a5f56c-5473-48ee-a395-4462be9d3e2b,Ibbie,true,ndumbelton4p@irs.gov
cf08b0d1-e5b2-48e5-ac47-b83fd423bd65,Adler,true,dirdale4q@people.com.cn
33c77482-01e8-4178-9dbf-668ccace4526,Blake,false,twiburn4r@networksolutions.com
1394071c-3074-4694-ba31-ff69961d8513,Frasquito,false,bditts4s@huffingtonpost.com
62c33b25-31c6-4fee-b44b-c482afb58975,Madeline,false,adarcey4t@businessweek.com
4ce97a77-0f9c-4ac0-b1f9-f53ded81ec25,Walliw,true,tgoodyer4u@forbes.com
5b724787-012c-44b8-a2b9-c18ffeaabd49,Alexei,true,thuson4v@cnet.com
a1e4a33c-972b-482e-8c08-8092579ded67,Vassily,true,gdalgardno4w@hatena.ne.jp
58202116-80c9-4b94-ab66-dbe5981af194,Roxi,false,dcass4x@yellowpages.com
e2d57ff8-9d0f-415a-a9f8-a65e4934328a,Daisey,false,dridel4y@kickstarter.com
7066d858-09fe-46ed-8a5c-40cddf408584,Orelia,false,vcaen4z@nature.com
a98896b5-3cf1-424a-8183-b954fdc2029c,Ibbie,true,sseman50@nasa.gov
7a4d1844-73d7-42d1-97a3-88093426fff8,Lenka,true,vbarby51@rambler.ru
95894776-b803-4152-9687-f2a090174a8b,Fulton,true,ddudleston52@google.co.jp
c04c190f-e3f6-49cd-888b-b89eff2aa7b3,Leland,true,mstickells53@booking.com
206879c8-b305-4e25-800c-84aa25e6cd9c,Magdaia,false,dstanaway54@lycos.com
3a4fb474-cf61-4043-9bfc-388de5762bbf,Sher,false,rstower55@ovh.net
a68887ba-7df3-4530-bb5b-afbeaf3e311b,Auroora,true,wpiotrkowski56@patch.com
7e5c8f17-5cc9-4887-9622-f245f9db7406,Brinn,false,amilmore57@nasa.gov
f286c010-8648-4b75-8c98-0c900217320a,Renie,true,rallawy58@i2i.jp
d17bbcf2-44c5-47d4-9866-bd8b37b52874,Ham,true,cballchin59@loc.gov
66c9c050-f225-4cb8-8957-0ea1e22bd313,Eunice,false,rgasker5a@flavors.me
0887102b-09ce-4d1f-89d6-bb4de10471d9,Papageno,false,rmacintyre5b@gov.uk
ff8ca2a7-f453-40ca-8cec-5fb05d5ac257,Alexi,false,bshearmer5c@tripod.com
02759d45-6c04-47df-b55c-10c8053e3fa3,Mohandis,false,jworms5d@spotify.com
0f4b7205-4059-4aee-8c69-90a4fb7109f3,Ware,true,gfeldman5e@a8.net
699149f0-a730-4606-9e32-cc898bdf7851,Mona,true,aalfonsetti5f@microsoft.com
a1ad32c0-7e23-4518-af8e-79dd4bac6c38,Samaria,true,belliff5g@nhs.uk
f0d34f85-5e10-4029-9eb2-6eb255fcd1fe,Laney,true,pfiggins5h@si.edu
b9263c97-5ef8-4bc1-a5a7-f824a1fb7011,Koren,false,lmetrick5i@irs.gov
21335ab2-1056-49e6-a165-8e484ea1be40,Cam,false,prevening5j@cafepress.com
2f11bfb8-6bfe-4295-ac7e-7f55651f2328,Becka,true,mgration5k@vk.com
9f46e970-b74d-46eb-a156-cae8d4db7eb5,Klara,true,kysson5l@cpanel.net
07fe02bd-028d-475f-8dab-38e2a17933d5,Gill,true,egokes5m@yahoo.com
a8ce76d0-00b6-4f64-a0b4-6292b11940b2,Shalne,true,gclowney5n@army.mil
698bb014-5653-48ab-89a6-d8e50319363a,Shay,true,mmcrorie5o@newyorker.com
44a7d4a6-ee31-4ae6-bd7d-4ce51b6cb388,Fanchette,false,bottam5p@sfgate.com
6220c41c-c6a4-4ed7-9717-47d324996dbf,Giovanna,true,chopkynson5q@storify.com
77115005-7b81-4c4f-85ff-42946981b4fb,Tanny,true,cstrase5r@storify.com
7d5e16f1-b3bb-4afe-86e3-6ba1934fe8bb,Cathi,false,adavio5s@oaic.gov.au
36111b17-2f90-4f11-bf48-2747199f3593,Thebault,true,smatantsev5t@businessinsider.com
bf7283aa-047d-4abf-be92-a84a32090562,Earlie,true,aelliss5u@baidu.com
012a92cb-3ee4-4118-bdd7-21ac2d81b1a7,Ham,true,mbertholin5v@webmd.com
6c558a44-b43c-4727-b04d-5986c6424ac2,Nickola,true,akemmett5w@sbwire.com
19f0a15c-c77c-4c93-a65d-0e25a8587cf1,Dona,true,pmor5x@wordpress.com
3826f8b3-dcaa-4af0-b0e6-926ef9f202fb,Julieta,true,riceton5y@123-reg.co.uk
b5045fd7-de56-4cd8-9e13-c98017934c0d,Stacie,false,achrystie5z@hao123.com
099a022b-acff-44eb-b9dd-f5db9d3d6436,Babbie,false,avannini60@digg.com
ff8ab5b2-0f5e-445f-bb72-678ea537ab16,Irita,false,rralph61@irs.gov
3e9aed90-dfa1-4157-8086-d304e808addc,Vanya,false,tosherin62@networkadvertising.org
531341d0-4075-4166-89e6-514117c9c666,Cathrin,false,lnaulty63@purevolume.com
46428be3-c913-44ea-8d4e-726e3065f64e,Skipp,false,ktugwell64@booking.com
28d9d5e8-0af5-4751-bcd0-6f7ad841392a,Alayne,true,nmowbury65@lulu.com
90d56e2b-dafe-474b-8b27-b2f05bc8ef80,Marchelle,false,cvinter66@plala.or.jp
d4c9e493-25de-48ee-9dd6-5f9a1c08e4d2,Tori,true,ajennens67@fotki.com
26cde772-b9af-4cd3-b195-680cff6636d3,Morena,false,drouke68@vimeo.com
70ef94fa-7ee5-4fc2-8c2a-32dd7da74844,Noble,true,kquickfall69@sciencedirect.com
b3022760-0ede-4071-b011-5a817103719a,Janeczka,true,eshiel6a@usnews.com
59e8fbb3-6c4b-41e8-bf09-9c6e14e787a8,Tatum,false,jthatcham6b@auda.org.au
88186269-e354-4869-a4fa-d5dc54643e94,Liana,false,cbirtonshaw6c@etsy.com
d91955a6-bf52-4cf2-9aeb-bb51e20047c6,Zebulon,false,bhyder6d@twitpic.com
4d2f7cdc-538a-444b-8ae2-9db94ffe4072,Niko,false,egummie6e@tamu.edu
645a6c4b-f300-4b47-8ea1-e511f1c06723,Alexei,true,rfitch6f@sogou.com
3287d61a-303f-4857-a042-0a03cfab3f8b,Cristi,false,bescofier6g@rakuten.co.jp
f1df5ee5-e8bb-4f4a-a459-e445396640ef,Delilah,true,thamill6h@omniture.com
085d7ba5-7f71-4c67-96e3-192b0c2ff0ae,Dickie,true,aweatherhill6i@geocities.jp
435ab30b-a082-432e-99be-d5a13f56f18d,Leland,true,ctrueman6j@tiny.cc
79e9f5c4-7077-4869-954a-5a4261365057,Devland,true,eswiffan6k@printfriendly.com
409fe869-b140-4b3d-8e63-0b77911e36d9,Dylan,false,rparadise6l@opensource.org
55a021d0-8d35-479b-baa7-845ea82fa06b,Franni,true,nmarkwell6m@wikispaces.com
cdd3397d-693e-4212-8321-fd8fa7ba27cc,Tracy,false,jspelling6n@geocities.com
466ee2cb-232b-435b-8467-5c2987c1b4ce,Nevil,false,crosenbarg6o@fc2.com
51e1e001-e5c2-4729-8cdc-d0984832045e,Wendel,true,psharram6p@cbslocal.com
1ad749ec-80a8-4bc8-a911-60d03b3eaa9d,Lyndsey,false,kocrowley6q@slashdot.org
a977aa70-fb8f-45e0-9aed-bbb3d1b43af1,Louis,false,lwreford6r@bloglovin.com
c5c37c84-1cc4-4a03-80bb-9e67d74ebcdd,Keely,true,sbelk6s@friendfeed.com
227a64d2-d486-4d2c-acfc-20f2684b3f14,Gwynne,false,pgerred6t@google.ca
a2486c1a-5ea4-4121-871a-e40626defdfb,Tripp,false,nzima6u@prnewswire.com
7aa6ba21-742f-41ca-bdde-45aa48f8f681,Cody,true,kchaffer6v@g.co
c2af3b41-9903-4291-936d-7bc15ac93ecc,Billie,false,bstannering6w@nsw.gov.au
a4cddad7-a610-4e2e-ae54-ceeeb4d0e5bd,Hubert,false,mauld6x@reference.com
a553985c-4b96-4070-afce-be63ec0fb715,Umeko,false,amclaine6y@mediafire.com
5804f851-d940-4d25-b89e-dc24bc137a42,Malorie,false,afilkin6z@eepurl.com
f57b3833-caa2-443b-bf6b-16812e48540d,Audry,false,wlanders70@goodreads.com
7ff4afaf-abcb-4f00-b906-9f5f9d8dfe23,Clim,true,sskurray71@360.cn
e47f64d5-096a-41f9-be24-b752b97d6f29,Brinn,true,cdoorey72@delicious.com
b5efade5-33fe-4104-bf24-99bbc594bb07,Celestina,false,nbyrcher73@foxnews.com
1f133090-5c14-4689-b65b-50e14c443c5b,Marysa,true,hhayter74@smugmug.com
db69efce-93ef-4fb1-aa50-331992cc3410,Vonni,true,ggiorgietto75@infoseek.co.jp
0e4bf8ef-3397-4a58-9c9a-d3d303932e19,Alec,true,tzappel76@fc2.com
287e5001-9dbf-4e70-b53b-6da818682518,Skipp,true,sbathow77@techcrunch.com
1924be67-8a8a-4878-bb14-6bd3127ed258,Phaidra,false,tblucher78@google.com.hk
82628ccf-4df4-49af-bc8a-92c883c5151d,Billie,true,akersley79@ted.com
64f5644f-c079-4152-87d7-7106270576ec,Bartolemo,true,kpetts7a@wikipedia.org
97e02b76-8de8-421d-acec-6ca8965fb46c,Darlene,true,cajsik7b@imgur.com
ba074a54-f098-4f4c-b950-bec4e84d599b,Evin,true,mmckennan7c@weebly.com
6c85b683-9b36-47dc-a520-f7ee6a6cd7e0,Korey,true,lpouck7d@pbs.org
14982954-81b3-4b7e-80e0-bb067e618985,Jaquelin,true,mkehoe7e@slashdot.org
4520e513-d4f8-4dee-a63c-ee8f527bdd78,Marleen,true,rpedder7f@pen.io
1c025f35-3095-443d-ac49-c78763ffb285,Bibbye,false,tchaloner7g@odnoklassniki.ru
98caa263-dc5d-4ea2-bb30-ea6d00a8cba8,Wallache,true,cbutterley7h@odnoklassniki.ru
ad978e57-93e0-4548-a304-1a3f3d571043,Melvyn,false,mhallagan7i@ocn.ne.jp
f20bb539-c863-4731-9f62-49aec9f14b80,Wendel,true,dspraging7j@rakuten.co.jp
1f8eb3b8-0565-4ee8-ab66-d1c076020001,Jojo,false,ngalvan7k@google.fr
e03164ee-a0fe-4b6a-b050-a6bafe07220d,Damaris,false,yaldam7l@fc2.com
99a1e24c-25ee-461b-b038-119b66e56129,Torrance,true,gdominetti7m@seattletimes.com
6a04e8ff-e0f9-4b02-9240-b42b7d02a33f,Codie,true,rgorthy7n@oracle.com
07800eb0-dfd1-43c9-8e5f-d88ea6f4cc52,Vale,true,akarolczyk7o@thetimes.co.uk
237ee458-5762-49e5-b068-6eba16c0844d,Lotte,false,lbrash7p@ask.com
a24da2d0-f45e-4950-9d4a-3cb4f910dc4d,Eveline,false,bballston7q@ucsd.edu
22e0f845-0886-4c8a-a065-37f842bb3a16,Evey,true,hkoomar7r@loc.gov
d026f3f4-0f80-42b4-a741-ffcbc962a77d,Friedrick,true,jhoppner7s@auda.org.au
ec1bb9f3-4467-421c-b697-ec3710b1dfd6,Hurleigh,false,biannini7t@state.tx.us
573640b7-063f-4fcc-a2ba-bc35f4190c4f,Osgood,false,jgarratt7u@mysql.com
fcb60d31-3b0e-4a71-8a19-216c1ff421ef,Ronnie,true,raustwick7v@google.com.br
c75cdbec-2d55-4c6e-949b-e9777581a10e,Jedidiah,true,pchampe7w@bravesites.com
429e06ed-55a8-4303-b06c-00655b097bf5,Jandy,false,mhoyles7x@cmu.edu
9d8ba5f9-0749-451f-b27d-38636ea005b2,Mitchael,true,bdarton7y@guardian.co.uk
9741134a-0a77-4bc2-b355-a95eeafc10c2,Betteann,false,hfairfoull7z@dailymail.co.uk
f63bd37a-899a-4951-94a1-f64f8ea3b6f4,Lalo,true,gyallop80@apple.com
9e6eb1e3-6e11-4793-9eeb-c010d8d5df9d,Karl,true,yredier81@ucoz.com
1b17c526-ae55-46af-bbae-6371f92a6ef5,Lilly,false,acroal82@ifeng.com
20fc03b7-7005-4f5a-af23-23c3fe8a76c6,Lorene,false,ggranham83@deliciousdays.com
a092df5d-0083-4898-a44f-02dd06d978aa,Rebekah,true,rjanas84@scribd.com
6a685db5-96f4-4146-906d-51941b70011c,Lynna,false,adenyakin85@alibaba.com
1b32c431-1f38-4873-8644-96038130c642,Dayle,true,cclemo86@uiuc.edu
6c3db152-1411-41c1-aa04-fb7ed109d6dc,Bentlee,true,qcartwright87@umich.edu
41053061-82cd-4cb1-900f-9b9e38b89a55,Hi,true,mcharle88@php.net
d6ffa8bc-b16d-437f-989e-80e364a98b74,Alena,true,lpischoff89@google.de
80eb2482-b6bd-4058-85ef-78597bd507dc,Elfie,true,epenhalurick8a@cyberchimps.com
52560006-eacb-4f45-a9ec-72b2eaf447c0,Beryl,false,rshowl8b@slate.com
55cea3d5-1bdb-471d-b081-180c87f083c1,Becka,false,adyhouse8c@wikipedia.org
7e272c5d-7b80-4367-9fe2-cd8bc86767d2,Honey,true,findgs8d@ning.com
92e826eb-5c6c-4cc9-961d-b42f844aab16,Merna,false,vrosa8e@ucoz.com
c944e0ee-37be-4402-9412-6fd929fee699,Denney,true,jbrilleman8f@walmart.com
0b0ce4c1-357e-48bf-8311-8da8bbd663a1,Cherrita,true,rhoultham8g@huffingtonpost.com
cc4fa874-918a-4144-8ac2-69c5ea0161f2,Sharline,false,fmoine8h@google.ru
c0068019-b8de-4a40-a8c7-9473d1a3c3b3,Rick,false,cbennett8i@webnode.com
5cf1ff7a-3801-42d4-a5c9-2fdadb564096,Troy,true,lalbiston8j@paypal.com
9c7b723c-8e92-448e-bdd0-23094b6e8365,Nicola,true,dbernardotte8k@samsung.com
8caa3876-08ff-43ce-8634-1fc7f76bc566,Florencia,true,htitcom8l@tinyurl.com
8a3f2f00-74fa-4869-b22d-91c2fb0d6f18,Zachariah,false,jpenhaleurack8m@de.vu
940f95f6-0329-4865-a65e-a7a7551376bc,Annaliese,true,eshallow8n@linkedin.com
daff6f70-cc02-4755-bc5d-336b55f6f00d,Shari,true,hogara8o@globo.com
0163a34c-4303-4942-88f5-58b2e22ab2ad,Glynis,true,afarherty8p@biglobe.ne.jp
697b87be-0edb-4bf3-97e9-5307fabfa247,Roxi,true,sbalazot8q@discuz.net
8b15eb81-ae43-4001-b72c-4f10b0568927,Aland,true,asiviter8r@timesonline.co.uk
7ac9ed04-562e-43cb-ac4d-8a05b3f22cae,Amabelle,true,tgladwish8s@cisco.com
0cc344a6-6fef-47ee-9743-85c5658881d5,Brucie,true,vblaker8t@fda.gov
06d7f81d-fbcb-45b2-b930-d32896f6856d,Jasmine,true,tornillos8u@disqus.com
e7a3ae85-0b87-4976-816e-8e281a47799f,Mikey,false,dmayers8v@vk.com
634efc11-187a-4710-8e49-1aa630873750,Juline,false,aliddard8w@scientificamerican.com
b886f5d4-a183-4075-bcc0-2d8aae53b79c,Irvine,true,pcorkish8x@last.fm
88dcf9f3-15f3-4fe9-a888-0fa2086ec3d7,Sophie,false,anaile8y@biblegateway.com
a3406aa8-f51e-4987-8e58-83955a303185,Malissa,false,dallbones8z@yellowpages.com
72ac1a78-ab96-40bf-8730-6adffa7b9186,Blake,true,abrailey90@globo.com
b3f9346a-9cd5-4635-ae20-f3b6ed8bbbec,Julieta,false,oleigh91@php.net
f17390d7-37ff-4813-b0f0-6096bec1542e,Niel,true,dmacchaell92@google.ru
6b05b813-8513-4d0e-aef3-cd77ac4fe982,Trixy,false,athackray93@cisco.com
9c403971-32b8-4710-adaa-9f7bc790c17a,Herta,true,ryitzovicz94@zimbio.com
e3adc785-5e79-4ca2-93f2-9bafd7a549f1,Judye,false,vhensmans95@umich.edu
224a90e3-566e-457f-8efc-5be3a6c0cb15,Winnie,true,icargill96@buzzfeed.com
2d5948a6-01fa-4af6-8814-cea9c2b797bb,Hope,false,cportman97@yellowpages.com
8dc27f80-288f-489f-9e7e-4266edc27ab9,Donelle,true,wmcileen98@xrea.com
11d7b796-5f4a-4018-a042-f8010caa3b97,Brucie,false,dmacgaughie99@technorati.com
0e62b1ac-734d-4ab2-a625-2d88cba70a3f,Petronia,true,kdunnett9a@intel.com
12bc777b-8221-4e38-8905-26c5a53af1dd,Shelby,false,aditer9b@irs.gov
ea64a3e9-fed7-44e9-936e-80c027a29d0d,Marla,true,hsybry9c@ning.com
35bc14d3-69b2-4fb8-8731-64ea985f1d84,Perkin,true,rkirwin9d@google.com
018be87f-6195-4ee6-b28b-ac9ab71af3ec,Lenka,false,ggigg9e@hubpages.com
56c3d0f8-08b3-4812-b4e4-9ec0fb7369ba,Odell,true,cgayler9f@zdnet.com
5f17db85-c37a-4f97-8344-48f9ccf4b171,Delilah,false,dpeddel9g@furl.net
9b893bc2-4dcf-4852-a696-1d3316107e92,Junie,true,kgierok9h@google.ca
09eb7826-eca1-4f9c-8812-905d3d9bc030,Emmott,true,dharwick9i@amazon.de
a532171a-537e-4c42-b33b-b8532cae3055,Jeanelle,false,plutwyche9j@cafepress.com
fd7c0bea-5bff-4374-bece-9d75b94a8a0d,Lorain,true,cmattia9k@pen.io
0b5c6bb5-2914-45ad-b89b-53b371c4741b,Rollo,true,ahedaux9l@comsenz.com
26a791f5-9d6d-4c4f-8b24-9445252d4c40,Addy,false,agarrals9m@guardian.co.uk
43a45225-4c9a-4ecd-b6a3-522a1076cffb,Cecelia,false,mgallagher9n@cbc.ca
2afe6f60-1bc5-4aac-a010-f5681f570a54,Caspar,false,dwinger9o@i2i.jp
ab5b5596-8728-4c25-8b07-adea4a9dd830,Juline,true,beagland9p@pbs.org
2c8f6bee-0679-446b-a948-b9ed93275ff4,Fulton,false,rchritchley9q@icq.com
9eeed1b5-cfc0-4668-a672-2140edede75a,Mikey,true,gnelsen9r@domainmarket.com
8d449884-a843-4f25-a1cb-07f7e3be58ee,Henriette,true,udunthorn9s@discovery.com
1df1996a-5e3c-461f-888f-4d96714054a7,Jonah,true,llancastle9t@nifty.com
b05d8e51-7f74-45d3-bf70-29dd6e15df12,Fredek,true,ksondland9u@prweb.com
ebd328ae-1eca-4747-8bfa-39c3af99d31a,Brucie,true,sderdes9v@kickstarter.com
e4503194-a113-4d87-9f10-82b7ade3ed6f,Misty,false,mpolland9w@cam.ac.uk
fb528d9e-7f89-43f2-bdbe-e17b6d1793e2,Riva,true,rpiffe9x@weibo.com
a782367e-1cb6-46dd-937d-0ccc5faf31f1,Nataline,true,pshawe9y@huffingtonpost.com
d9705ad7-33ee-4832-955d-2f6562d09552,Launce,true,bchaffin9z@virginia.edu
1d522639-54e7-446f-ab78-3e305ce002cd,Alfie,true,jsmidmorea0@toplist.cz
8031bd95-06dc-423a-9a83-3c08244c4b4c,Carry,true,eoraffertya1@nymag.com
728b2760-2099-4d5e-9e76-cd53f7b3db15,Vale,true,sdallia2@quantcast.com
675a6b3e-4130-4a63-927b-5798ffb765f5,Ainslee,false,tliptrota3@walmart.com
bf16ee3b-2698-4547-969c-10035a82348f,Malinde,false,senochssona4@ted.com
cd21a43d-a722-4f36-bed2-c6d02998a5db,Nance,true,ccolletona5@sciencedaily.com
7b515ce3-d8e5-42c4-b2c0-2a66ed95cab0,Julieta,true,jdurya6@prweb.com
8c6c406d-4f7e-48e8-ba72-5fc3adc72c0c,Beaufort,false,pdaglisha7@sourceforge.net
95475d40-2edb-49b7-b664-77d318349020,Jodee,true,tknibleya8@theatlantic.com
e06f88ad-279f-47da-a0dd-6331c9959f96,Ardeen,false,cpinsenta9@themeforest.net
cf942a53-c43d-4895-9027-98e85dd0169a,Richy,true,jframptonaa@fda.gov
63623ab9-d2b7-4401-8456-c505372041f4,Hope,true,dmcilwrathab@facebook.com
7279642d-e2ae-4d8a-949f-68389e05f22f,Amalee,true,jmustardeac@ycombinator.com
35f29051-1d72-4a21-ae8b-091b406bc6b8,Gualterio,true,dclearleyad@sakura.ne.jp
bdac4900-4a7d-4897-a04f-bce267ca94af,Renie,false,cwhittenburyae@latimes.com
e4be9d00-16a9-4c33-8536-20fa5ae66327,Chaddie,false,ajancikaf@theglobeandmail.com
e0f16f20-e430-49fe-bbba-62ccfbd800ce,Renie,false,dbourgaizeag@gizmodo.com
18544121-348e-4d57-9239-fdf91b6fb9b1,Marylynne,true,cmacwilliamah@go.com
39761bc0-bbac-4c24-80c6-2c90abded7f8,Marchelle,false,gpowdrellai@seattletimes.com
5d0fbbc1-6c4f-4b88-be8e-8cba24917ac4,Jenn,false,tmaceaj@yolasite.com
ff4aa2ae-9e2d-4658-be7b-e3719b93ded8,Thatcher,true,wsateak@princeton.edu
486fbc2e-39ba-4600-8bf1-99e37c838066,Lalo,false,mcousenal@4shared.com
cc2e9ae1-d41b-44ab-b014-e875f16d127c,Sophia,true,rtownsendam@multiply.com
5f72d933-5da4-4f95-ba18-633ca3fd014a,Orelia,false,kgimsonan@hibu.com
02e611c5-476c-4231-88d5-ce703dcf5c6a,Madeline,false,bnassauao@wisc.edu
33bacf48-3c61-4ed5-b618-c254bd643784,Becca,false,gchoppingap@imageshack.us
13c941f7-5c5e-4f80-b482-d5f8247e2d78,Tammie,false,kcraxfordaq@github.io
384e1631-6068-4cf8-958a-569438c4bc77,Ugo,true,bwatsamar@accuweather.com
58b67726-11d0-4d45-a19c-80231275e8c3,Darby,true,nbootellas@hud.gov
f3b75de0-1902-43d2-86c7-de07c4f55553,Melvyn,true,sphillippsat@indiegogo.com
dde12df9-b077-43b3-801a-5eb79c5d13cb,Auroora,false,usemradau@usa.gov
0733598c-7995-4b65-8589-2b8130d3fdca,Erika,true,ascammellav@themeforest.net
1af96590-8bb1-4666-a53b-27a613ec2b8c,Alfons,true,mleateaw@oaic.gov.au
9d2337df-6590-4ea3-894a-b25b74cdbfeb,Juline,false,ggillinoax@bizjournals.com
3ac89a58-c891-4a69-a71a-3449b7249cc4,Marney,false,dbyforthay@parallels.com
c224497d-309b-47d5-9183-be6eb6f2d845,Tobin,false,jackermanaz@adobe.com
5f8211b0-00c9-4c00-82f9-0417710a7b39,Marla,true,ltimberlakeb0@sogou.com
4b37ed46-35dc-4f3f-a49a-b83a5568351d,Jessamine,false,emcgiffinb1@yellowpages.com
df47bf22-ca80-4109-9ca4-c0e64e17b27e,Trixy,true,mcaddanb2@economist.com
6333be41-d748-4da5-b5d7-e297b985ec9d,Beck,true,isherredb3@moonfruit.com
732df346-2be6-4410-81ba-6e31efef9a46,Liza,true,mmacquarrieb4@answers.com
7d89cd1d-37eb-44fb-9143-71d22d242309,Bucky,false,astockingsb5@360.cn
9f95a738-802e-42e7-9f5b-1225582faf20,Nan,false,ehauseb6@list-manage.com
3cb77bc2-e33c-49f2-931b-19a36897c988,Jeffy,false,bmesiasb7@elpais.com
27b9de52-c6ad-4720-aee0-44b54ad029e7,Arlen,true,rconigsbyb8@unicef.org
bf64b5e4-251c-4b87-981b-564c69fdbf0b,Edy,true,kfranchionib9@discuz.net
21ce69b9-1edc-4e1b-8c58-bdcfc77f3ca4,Vale,false,pmoulinba@businessinsider.com
fe61c3f6-3f0b-448b-85eb-5b6fc6bddc03,Donica,false,pbythwaybb@ow.ly
c99c3d4f-5a8a-4f8e-956c-b67bdc31a973,Storm,true,abloodworthbc@omniture.com
4ecfffb9-27ca-40a0-951b-318a3bc7e2e0,Teodorico,false,dmatousekbd@slate.com
869f6a45-1d3f-48fe-8bc1-ffb1128f8b50,Caresa,true,jzoanebe@admin.ch
3a0b8d7c-12f5-4071-a1df-00a7ca04fd20,Latisha,false,hgladdisbf@t-online.de
f1e856c5-9c09-4df4-ae76-c26ca2369b89,Arlyne,true,reakinsbg@dropbox.com
e86a3141-7c4e-476e-9617-6fd30b492983,Timmie,true,lferresbh@w3.org
7d6ba0b8-56d1-47a5-a50e-60f5a871f6ef,Ogden,true,tcondybi@tinypic.com
47142749-a457-422a-96c9-fbee011964bb,Lefty,false,btaylerbj@ted.com
aa89ca5f-2502-4c5a-a6e7-6731627c7b3e,Cris,false,ctitcombk@deviantart.com
3f5433e0-199a-482e-8028-fb686b05bf56,Karoline,false,jbacksonbl@blogtalkradio.com
9c009332-0a87-4da4-a51d-64512e12613b,Robers,true,bzanussiibm@adobe.com
4e73deb9-8086-4b1a-84de-f06f8860bba4,Betteann,true,jriddallbn@drupal.org
20c2fb78-31f7-4d15-9886-fc9e68f62648,Jeffy,false,cwoodnuttbo@geocities.jp
4818d72e-16f8-4ea9-92d7-1e0b23f3c965,Shalne,false,alubbockbp@rediff.com
b1cdcaa4-784c-4c72-a8af-960518f8b66a,Johnathon,false,dlunkbq@1und1.de
bc4e8ae0-8946-4e4a-a9af-488d2ea73cdf,Alexi,true,kaxtenbr@github.io
00a7dffd-faa4-46d9-ba27-a2dd933c3366,Cody,true,blackhambs@rediff.com
498b312c-81bf-4176-84a2-bb5264f2b423,Thedrick,true,tklaassensbt@ebay.com
f42c0fd2-2e4b-43c5-a6d3-c2ebfedefb66,Emmott,false,bvasnetsovbu@newyorker.com
a6863c84-9837-45c2-9a24-b8ff470a1de5,Aldous,false,hgrishanovbv@dailymail.co.uk
4589874b-adf1-486a-890b-5682e9b6df0f,Guinevere,true,ojoselovitchbw@independent.co.uk
0bc43eb7-4772-429f-955b-002cedcce707,Anna,false,djamarybx@cdbaby.com
c00b4e6a-dff4-432b-b511-12410efc540c,Dix,false,oyanyushkinby@nhs.uk
ad67b688-77cc-433f-bae1-7969fc4aa6ac,Yulma,true,eturnockbz@spotify.com
547dd300-46e9-44c3-99ce-8bd31d30f34a,Maximilian,false,aolenchikovc0@adobe.com
e3ec7804-83a1-4632-a4fd-f71c95f6ccbb,Livvyy,true,zzamoranoc1@weebly.com
08d11516-bc76-45a6-b3c6-b6ee69da3382,Niall,true,btwinboroughc2@pcworld.com
ab048cc3-0871-4067-8b01-750fa5cfd782,Rorie,true,bflyec3@scribd.com
83632a9c-9985-492b-bd3a-cb64cde936c4,Florencia,true,agormanc4@godaddy.com
d9a3b139-4e99-4ecd-94ef-b3ba8bcd4173,Jacquelin,false,csewardc5@cmu.edu
c9846004-3c17-4706-b092-995de186a931,Codi,true,lburchattc6@hatena.ne.jp
34c80330-dacb-44d6-bb29-b496cf0dcbaf,Perkin,true,cloberc7@privacy.gov.au
0c919986-6475-4c25-b823-2ea9b57b4176,Myca,true,nkennawayc8@tinyurl.com
4669f8a0-7b90-44b8-8b94-13311e90694c,Florencia,true,verrichic9@hud.gov
6b0fa594-cc51-426a-9ab0-144f901243ad,Fons,true,gembureyca@discuz.net
e110b472-78bc-44ff-bc56-0353d52a6751,Cherice,false,cboissieuxcb@infoseek.co.jp
9d60ce52-1e1c-410f-a4fc-3a285b1ef2bf,Ruthe,false,larondelcc@scientificamerican.com
255c2f25-c40a-4a45-b857-f6302403dfd9,Laurella,false,lyegorovcd@list-manage.com
4ba75885-a240-4077-a87f-0e4da44eb8ec,Tedmund,false,efriesce@jimdo.com
9e512cb4-b15a-4634-b0bd-60af63cb04ec,Shay,false,lsexstonecf@google.com.hk
a17a2a41-6944-4a67-ae35-7e8c3ae0e72e,Nikolaus,true,beleycg@tamu.edu
53bec7da-4575-44b7-85a1-266cca752f8a,Gradey,true,alaurenzich@canalblog.com
4d5a9f04-a257-4311-adce-22f09f7198b5,Marnia,true,pdrillingcourtci@oakley.com
7752bdcd-708f-443c-8697-5c2816df4b19,Emilee,false,jissacovcj@dmoz.org
8e4e9f41-4a39-41f4-bed6-2744f58c7260,Yorke,false,jculterck@npr.org
3cddcd14-6d7b-4287-b954-63abc797eaf4,Artus,true,pklimascl@deviantart.com
70c7daae-ffcd-40d6-9a49-6ee58f1ef559,Joycelin,false,lwallscm@gnu.org
b232bc65-7ec2-49da-8eed-66caf1b88abd,Traver,false,jkrzysztofiakcn@fda.gov
e94355c3-b02a-429a-a687-0fe6fb76cde3,Rachelle,false,dhalsonco@nba.com
4076adaf-a258-4e57-9a73-14231f4418a3,Aluin,true,ceastopecp@wired.com
28516b96-ebed-4e9c-827e-62ca0622bf9f,Margeaux,true,emackeegcq@chronoengine.com
a31181b1-b25a-49ab-8728-6f96177d8cfe,Richie,true,npardeycr@ameblo.jp
f3a0584a-071f-40f3-a593-8ff933043a72,Leticia,true,yminkincs@adobe.com
6cb7d745-afb6-472a-bfd4-18034d4293c3,Maximilian,true,rlaiblect@tumblr.com
8e75f129-095a-4e08-ad59-00a339928435,Leshia,true,ajaunceycu@nba.com
e6c89e6a-2283-49a6-9c55-cab75ae2eebe,Chicky,true,ccoverlycv@ft.com
2d89384c-e981-45a8-94d2-9433edfce73e,Case,false,mmoffetcw@chicagotribune.com
49c8fdc9-f7cc-49a7-a2c7-a6c42ef4c4e5,Rosemary,false,adytecx@example.com
29dd88b5-3867-4e92-9d45-35e372de26fd,Burt,true,kouvercy@jugem.jp
61bddde5-3bd6-4e57-8ed1-ee26fc8b2148,Clemmy,false,cvickercz@disqus.com
63de506a-51fb-4e15-aeef-5865f5cb4f03,Yoshi,true,atourled0@businesswire.com
a37e3551-703b-4dfd-a369-38648f8506e3,Tara,false,jreederd1@ucla.edu
1e8f6f73-86a3-42fc-9705-292d671235ee,Tammi,false,oferrierd2@addthis.com
214527ac-887a-4024-8a2e-899ef22cd96b,Fritz,true,jharknessd3@ebay.co.uk
a2b5ab87-1797-4d57-aa36-59bef85e8f56,Tabby,true,emavind4@ibm.com
19aac2d0-9b45-4b2c-9245-738dfee2d049,Shel,false,sdudderidged5@php.net
264422db-482b-4cac-aec4-5c03f061a236,Eddi,true,oblackhalld6@cyberchimps.com
8a2cf6d9-0ffe-4538-9325-15db66bb6f14,Barnaby,true,lpoulsomd7@de.vu
d511eb13-b51e-4034-a23e-b0ebe3fb74e1,Stacie,true,gepelettd8@nps.gov
6ccb24dc-3469-472b-9ad6-0ff55a3e6cd9,Karl,true,ngaskarthd9@shutterfly.com
bab66b5a-7461-403f-9b13-5f8478f917b9,Carmencita,false,cpagdenda@sun.com
48aa8e2a-401a-4c1f-9faf-5989739e8ec0,Odell,false,dgiroldidb@nydailynews.com
971a8b59-1c29-4a09-9833-0ddc300b62e4,Sharron,true,himpsondc@goo.ne.jp
579ceb0d-3d4d-46aa-872b-2d0d9d42286c,Edithe,false,tburrendd@elegantthemes.com
a594cbe3-c2d8-4623-94b1-fa7e52372239,Alexander,true,lmidsonde@google.com.au
14511eab-a6b8-46b3-af6e-afc60de0896d,Niel,true,mblenkinsoppdf@jiathis.com
2db4b314-c7dc-4ceb-9fd1-f430d58a9287,Anna,false,dgregsdg@berkeley.edu
22c168e8-af8f-44ce-a423-52aee56c11b8,Ellswerth,true,eaddamsdh@netvibes.com
5dd554ce-f9b1-4a0f-b729-680a710448b1,Tristan,true,gstrappdi@is.gd
71b008d0-ba82-4416-b32f-7334c13a1808,Delilah,true,vbabbidgedj@nih.gov
9834426c-6b68-497f-a689-84f3953bb78b,Kelsey,true,nmahaffeydk@vistaprint.com
16f57194-954a-478d-a6a0-bc4e7c5dad9e,Aland,false,kklaggemandl@so-net.ne.jp
6f0f4e09-bb5b-4bd3-89eb-ea8b644176d1,Andie,true,iyurenevdm@telegraph.co.uk
2162112c-9c1f-4005-8821-a96399db3c28,Alisun,true,halyonovdn@adobe.com
ca04d4c2-b281-4577-9726-f6dcabd91dce,Keefe,true,tstledgerdo@soundcloud.com
0ccf5b0d-699a-4680-99a7-2f6502d5d9b2,Serena,false,ocluderaydp@artisteer.com
ca5399cb-4918-47b7-a39e-13a8d2033739,Meg,true,tkiezlerdq@blogs.com
608b096a-b282-4604-a956-a6396b30b60b,Clim,false,rmachondr@oaic.gov.au
8de5950b-f691-416e-b88e-3cc38665ddaa,Erin,false,rhoudhuryds@patch.com
8b4d0e2a-8988-4dab-be6b-feef7d1901da,Germana,false,galthropdt@tumblr.com
de66a17c-caa6-41cb-9cae-8f272cf10838,Leo,false,aneylandu@cbc.ca
6cab6dca-463c-484b-8cef-1d705e82c837,Kassandra,true,cpowlettdv@google.com.hk
6c0982e1-bba3-424a-8196-4d6dbcf9fecd,Karl,false,ohatherleydw@npr.org
f7bd7db1-ea6e-49d9-a7bb-adc1ff08903c,Estevan,true,kaccombedx@geocities.com
11cedd92-3583-40b2-8b4c-6e1b73a5fe47,Sergeant,true,pgoordy@amazon.com
102f3517-5ac2-4648-8691-d0187dfe1306,Silvain,false,dpettkodz@flickr.com
47952956-a125-407e-a187-d993b7478ab5,Troy,true,lbaradele0@ning.com
c34f7dec-76bd-43d3-b71a-4b1c0f00de0e,Yoshi,true,mmoodiee1@dailymail.co.uk
2523f56e-273d-44a6-89bb-ebc841646cad,Shayne,true,dcalafatoe2@ow.ly
ae94ecd2-e6f0-4503-9b53-7517c68018e5,Koren,true,lsturdeye3@cargocollective.com
029f1282-df06-4fcf-9feb-8f366bcc6142,Sergio,true,llandree4@imdb.com
875373f8-1701-4c90-b23e-51e2012c524d,Alfons,false,mbyrdee5@weibo.com
7a10e304-0b9f-4f95-8117-6a542348ca5f,Earlie,false,abasee6@wisc.edu
0e4ce4cb-840a-4c04-8441-01ef67379dd5,Aland,true,cpammentere7@webnode.com
fa6d3f8b-7c79-499e-b001-a7bee84c12f9,Martie,true,tmiramse8@sciencedaily.com
7178d056-85ad-4374-a2c4-cc6337766bcf,Germaine,true,tosherine9@themeforest.net
d740a054-531c-4fa8-b620-94f5c2001b43,Shelby,false,mshuxsmithea@yahoo.com
1612f668-fcee-4e72-8aa6-bd98783e13a9,Cody,false,elangereb@wordpress.org
9f0d1d12-32c3-4ae7-a52b-e197ad9d6b77,Ellette,false,bfeyerec@amazon.co.uk
d74ce6ae-5093-4d50-8575-3ecc6e50a093,Cozmo,false,cchesoned@umn.edu
da1bbbd4-a1f7-44e1-bdb6-e275032b59d6,Sigismondo,false,bdemangeotee@live.com
8df98bc4-131b-4f40-9bef-e2877884b272,Scarlett,true,grixonef@youtu.be
4378ee91-c0e2-4fa8-8ad9-f859df3baa6c,Emogene,true,kkearfordeg@biblegateway.com
6f2c367c-5b0a-408a-bfe5-ff8e74c72fb2,Jeremiah,true,zgreenrdeeh@ask.com
819c2a15-523e-4451-a8fb-d3b2486376c4,Brandie,true,aollisei@zimbio.com
850daee5-d5be-4732-86ed-54786735963b,Tammara,true,jgonnetej@biblegateway.com
9a172d72-e5e6-4843-94cb-d73880fa3947,Alexi,false,dokieranek@google.pl
a729c8f5-56f8-44b8-b879-2ccfadb1a0c7,Elyse,false,slotonel@state.gov
8549fe18-8957-47f8-bb01-679cc637320f,Hubert,false,shuotem@upenn.edu
aba8e1f8-430d-4a6e-bd0d-7c823088f0c6,Lynna,true,kchelleyen@bandcamp.com
c3f389ca-082f-46fd-888a-260fe28b686b,Leopold,true,baldwickeo@google.co.uk
18ab2d79-fefd-4b7c-bf91-eb1f4351153a,Talyah,false,kgeraultep@apache.org
01420547-83ed-4c74-b055-909c4da23089,Tripp,true,icurragheq@sbwire.com
b73699e9-a7d5-4f71-849f-e12af4dadb9f,Karoly,false,faronowiczer@constantcontact.com
732e3e73-3f1c-48b3-8eba-fc7d36ca6a19,Tilda,true,kkeppees@github.com
b8ec418c-4867-4d7b-8d17-1141022dbd1c,Rollo,true,jlangmanet@statcounter.com
1c25064a-c442-4b9b-b704-cff52b310835,Ardene,false,eblampeyeu@dailymail.co.uk
033ad858-7c27-4888-b9dc-33395cc8df76,Barnaby,true,myashnovev@delicious.com
6afb9e5f-effe-49c5-9de4-9464325b2cb0,Selinda,false,ccollishawew@yellowpages.com
df446c0d-d0ce-43f7-9fac-76c3ea7ec1f2,Ernestine,false,schucksex@ibm.com
9e4bae20-e790-41c2-aca5-48c59a741ebe,Kathryne,false,ddroghaney@virginia.edu
e9c14134-7a61-47f0-abd9-49794c33e893,Yevette,true,dcolqueranez@ucoz.ru
fc0b4b7c-ab8c-4a1f-b5ed-e90dd0d409b0,Marigold,false,ngriptonf0@twitter.com
7d3b9741-5d6b-4c9f-977c-80a36adfab78,Tristan,true,qeldrittf1@prnewswire.com
7514e9f5-2218-4ceb-a671-1a3297c885ac,Cinnamon,false,waingellf2@deviantart.com
f9ccb1ad-db2e-4a54-bb5c-7154746658b0,Daisey,true,wchablef3@huffingtonpost.com
796120a3-44f9-4d76-ae47-98de313b9b8f,Leontyne,true,ccawkerf4@cnn.com
da87988f-cbc6-4cf8-98c6-c3fb60dfa0c3,Audry,true,lbedwellf5@smugmug.com
0688a544-3443-447e-bb02-df8f152d3239,Daisey,true,cclossf6@over-blog.com
ecd455c9-627a-4516-b7e5-157c64ad09de,Dulcea,true,gburdinf7@mozilla.com
5d12ad40-30f7-409b-ad61-de993d32ffd7,Hardy,true,nkettellf8@jiathis.com
1335c906-19b8-44fb-9286-e6cfe500276a,Humbert,true,cpeetf9@storify.com
71953506-8036-465d-965e-819fb354c017,Becka,true,fmccambroisfa@washington.edu
c9f06bc7-5b78-461a-a5b5-d1c32dd286a9,Boris,true,njorczykfb@china.com.cn
e0a183b4-2719-49e0-9482-fce8532266bb,Roi,true,ltrencherfc@drupal.org
da82befb-6ec4-40eb-8ade-cb4903e9727c,Tatum,true,mbullimorefd@theguardian.com
ce037000-ce2a-4697-9b99-c19b678d8d36,Clemmy,false,rpoilefe@github.io
1931f11a-6205-4ee4-826e-b935583ac4ca,Fredek,true,gscholarff@creativecommons.org
fba3c0aa-0199-4b24-8456-40f6c8cf4acf,Whit,false,gtullyfg@ox.ac.uk
3650020a-d9e2-49d9-8688-bfc0a41e5bb8,Brade,false,cdemarcofh@is.gd
fc50cc91-5cf0-45fc-8b16-488063ebdd62,Bea,false,aspekefi@domainmarket.com
e27aaa6c-701f-4cd2-9108-db10be0aa0f2,Abel,false,rbainsfj@bizjournals.com
c2a63a33-ef97-4205-8101-f53764288c56,Evey,true,phawkingfk@posterous.com
27e9eb46-a047-417d-acd7-e8617cafe627,Tedmund,true,kchewterfl@jigsy.com
8e57cdc1-4602-4dde-9467-f832b6eae67b,Kristopher,true,mpickthallfm@cbsnews.com
da51a9f2-53d2-4bec-867a-f7edb38f60ca,Walsh,true,hleebfn@sciencedirect.com
835f81f4-f74b-4578-bf5d-03108209f88a,Tammi,true,dclendeningfo@tripadvisor.com
ea8d15f8-78d2-4390-8a59-d32493c9cb29,Jacquetta,false,kdeambrosisfp@wikia.com
f56704e8-b6c3-452a-801a-3f58d8f40d0e,Muhammad,true,jstartinfq@fema.gov
a202ae92-50cd-4f2e-ad5f-11751b0d2498,Avie,false,yrignoldfr@skyrock.com
d80f8615-3713-4c9a-8868-8f651ef7eade,Celisse,true,dcolebornfs@springer.com
6e344b3d-3a4a-44b0-9ea8-326f109d16ca,Chicky,true,gludlomft@yahoo.co.jp
b09a7784-630c-4336-9ad8-65730e876859,Malinde,true,jhurkettfu@mapquest.com
64c4a7af-beff-4988-80dd-7e48f99c3739,Dayle,true,fwillardfv@is.gd
c44c03b9-3030-48ab-bfcd-55a91c933d01,Daisey,true,eeathertonfw@spotify.com
d5e81d87-3683-4f0b-b3ce-fe2e5c4a5b88,Rollo,true,eparsonsonfx@patch.com
7e686c3c-1a78-47d2-98ac-b4d18b23d4a4,Kym,false,mdensonfy@nba.com
30477f7c-4530-49e4-8dd5-bc6ed357ea16,Charin,false,bmandersfz@weebly.com
ad53c673-0ce1-4ecb-9b8d-6f85a405838e,Ariela,false,wgildersleeveg0@vkontakte.ru
4fa75844-82f2-4834-a9a6-b7ee527aba52,Ashbey,false,pclooneyg1@dedecms.com
37de7680-eca2-4f6d-900f-2984c03b96bc,Christye,false,igetleyg2@netvibes.com
82b34931-139e-4e89-a198-043376001ded,Fey,false,twilldeng3@dyndns.org
f3e23059-664a-4807-873a-fd5f90cb36c0,Malinde,true,bjollyeg4@army.mil
036614ce-5ab5-4b79-8bf6-6bb617a380ed,Levin,true,fyearnsg5@un.org
a80d450b-4457-47f0-80ce-38ed75b37950,Fran,false,rdomerqg6@mtv.com
8f19155d-c0d9-407d-8701-3fef97b1db58,Avrom,true,tkettlesingg7@telegraph.co.uk
82e8435e-e6f1-4101-bbf7-664b936c05cf,Ogden,false,dmilsomg8@unesco.org
2c77659d-a27b-46b1-9f27-9f636eeba326,Addy,false,gthomblesong9@google.ru
6980f358-ab00-40ec-95d3-12e82ef638d0,Alyse,true,dkhidrga@cbsnews.com
43d359f5-0296-48d0-875c-6b39c601cac6,Gayla,false,lmoralgb@usatoday.com
3848de8c-84a7-4cf6-8213-ade1ccc811eb,Alena,true,ddebischofgc@cisco.com
b1fdd99c-c577-44ec-8b11-0ceecf8e975d,Vassily,true,cpetaschgd@com.com
7fc37f26-a149-41e1-856d-ed48f3b69fd5,Vite,true,mfinbyge@toplist.cz
d6a9e858-c473-490f-99ea-42b6b3c3c432,Tristan,false,lmartinsgf@economist.com
1d044838-5905-423b-a7a8-aa0f31a48abc,Jean,true,ksquibegg@opera.com
b9c14b75-e0e1-4676-9d2a-2d2f7d86f8ab,Archie,true,bmorrisseygh@feedburner.com
565027ed-c048-4a11-8957-38041921b7c0,Dermot,true,tleongi@wunderground.com
72ba4978-7b54-4b1f-a708-30746110728a,Maximilian,false,gbellengergj@admin.ch
2e5e892d-880e-4224-a296-c0815e1f6025,Shela,true,vwheeldongk@constantcontact.com
bbe0678e-96e4-4024-bdb8-d25dd9efde4c,Randal,true,gmckeaveneygl@adobe.com
994a055a-77a6-44cc-a277-624f4ff294d0,Erny,false,sraungm@issuu.com
270dfa34-4684-4e44-a464-ca37aab7cfcd,Jeralee,true,jelsegn@kickstarter.com
7fae25d1-5166-4693-aa0f-9a46b1c59c13,Doti,false,hcassygo@abc.net.au
e0c1d4e7-ca67-4759-8c30-4337ada93f7e,Clary,true,derdelygp@nationalgeographic.com
1447e50c-cefd-44c8-9490-3452ad79a026,Jacquelin,true,escallongq@4shared.com
50ac96a5-587d-4468-bfba-a4727512a499,Filia,true,csurmeyergr@npr.org
06236971-6f2b-48cf-a4d9-58c39e4f15e2,Fons,false,jbogacegs@alexa.com
41f3157a-381b-47fa-b3c7-b0ea12626fd1,Aksel,false,dtrussmangt@nature.com
df4b8eff-6c69-4c90-bd08-daa3be7be2d7,Man,true,slacasagu@amazon.com
fe85f39c-54ae-4101-92e6-55c4cb3829c8,Anna,false,jludrongv@buzzfeed.com
3a9fe3e6-61a4-45c2-bd05-d1305ed4c160,Franny,false,lmenisgw@fastcompany.com
ed7cffc1-5475-4fbe-a269-ac3eb2c545de,Taddeusz,true,jwestripgx@php.net
e483a268-769b-4fec-9cbf-7bc0435acd04,Shela,true,cspoerlgy@apple.com
75bbd3fe-9116-4c30-8fdf-d660688cbea7,Gery,true,strinemangz@bing.com
7e4eb3e0-78fa-41c2-85a3-a7b2cb76006a,Rowe,false,rgerardinh0@adobe.com
7d313dd7-4a40-469f-ab66-2812dd6a56e2,Herta,false,bturfitth1@bbb.org
94782cbe-3d09-426b-ac07-d501dcf41c5e,Christoph,true,acatterollh2@eepurl.com
ca9d1413-3405-42fe-95be-45cf7c6acc95,Peter,true,tcraytonh3@cnbc.com
840e2398-a525-4e01-8817-cc278ab49998,Jonell,true,msantoreh4@utexas.edu
9a1e7f36-a51a-4cd5-a632-a8c9703c6d03,Edsel,false,mguiverh5@bigcartel.com
5fdc36d1-f3fd-4308-96d5-f0d670354728,Robby,true,tbilofskyh6@ameblo.jp
b4bc6852-5d11-4814-a734-8632f2e0f99f,Katina,false,aedmonstonh7@biglobe.ne.jp
66d57dc3-fad2-4370-9b45-a59cb39ad51c,Stanford,true,jlinnemanh8@artisteer.com
61a1b5c4-007a-4272-93d2-e707b569dc5e,Brade,false,sboobyerh9@shareasale.com
382a584d-c4d4-44ba-8dc2-d95a18f0ee79,Wendie,false,scosgriveha@vk.com
61868c26-3224-4b09-9d4a-d69c09081bf9,Cherilyn,true,kflockharthb@wisc.edu
9b308dc8-bf2e-43ce-ba09-54258c16ace0,Paddie,false,pdandisonhc@g.co
0ce69f5f-59d0-44c6-b8f5-1a8c0230549e,Mitchael,false,aebbinshd@latimes.com
19d0e721-883d-436c-815b-73111884ed47,Teriann,true,wbleashe@umich.edu
a48f4897-9e05-4cd3-aa04-cabb970eba9b,Salli,false,wcaltonhf@youtu.be
62a0837b-8895-4462-97af-68748caafe47,Maurita,true,hboomehg@businesswire.com
eb404360-7ca1-423b-b0d2-76cdc7a07e47,Shana,false,agreaterexhh@cisco.com
9272451d-8f35-4276-ac73-55930b6d2281,Jourdain,false,casplenhi@netvibes.com
c1e54f1b-8210-4d73-a985-2d08cd3f6736,Ky,true,cnuttenhj@mtv.com
f580e959-167c-4207-a636-d2c4efe4484d,Julissa,true,tbarokhk@ovh.net
9ab7b225-f89a-4b26-8258-5503f635a6d3,Milissent,false,bscousehl@census.gov
f5822fd1-0e23-4ecc-9555-baaccadd7e34,Launce,true,adenmanhm@flavors.me
fa36f064-cc01-49c6-bf0e-3f96984cec39,Evey,true,nbelchamphn@sohu.com
22b2d349-bd09-4fa5-8f07-b44b958be7a9,Ophelia,true,ladrienneho@usa.gov
c3ec3c95-b248-4d0d-b934-e6c754e7bfb9,Paddie,false,mnorthidgehp@about.me
e581a63e-8a2b-4aa5-87da-b51d583aeaf7,Che,false,dnibloehq@home.pl
f939932e-4f9a-41d1-b307-403360dcb34b,Malissa,false,cghilardinihr@wunderground.com
be34740f-811d-4b43-80e7-3752cfe03a71,Peirce,false,aneaglehs@blogtalkradio.com
4264c98f-e72a-43c0-b32f-04a303e9aa64,Romola,true,jneillht@mediafire.com
6f898deb-5bcd-4318-b9cc-0d805f3b8044,Friedrick,false,qwelfordhu@omniture.com
f5777519-d38d-433f-a451-6139b53161f0,Mendy,false,rritchardhv@so-net.ne.jp
ca10c43d-3580-41e7-94b1-1b23256f7679,Jolee,false,dherculesonhw@printfriendly.com
1eeff123-a0d5-42e7-a6f1-5db2e466456e,Cathrin,false,jbanfillhx@yandex.ru
23ab0471-5567-4d65-ab0f-2625f15b9b74,Shela,false,fpallishy@cnn.com
edff39e6-e93e-4d6e-829e-3152c3c5b21b,Joaquin,true,gcurlehz@bizjournals.com
e7bd8b72-737b-42f4-8936-1a3a39b919ca,Wade,false,cparnhami0@t.co
aaf0bb12-9777-4b0d-863b-982f757c5e4a,Sasha,false,jfothergilli1@posterous.com
fdb385c8-7c1a-4830-9bec-98150bf05a27,Alayne,true,aberndtsseni2@qq.com
6f9cdaf3-7a82-4473-9ef4-5360819199f1,Ainslee,true,mallboni3@msn.com
ea12bdfb-1eec-4dbb-aa06-a52693921a79,Candie,true,mgoodwini4@4shared.com
583decb0-327a-4413-9635-afdadf50f9ea,Shandy,false,bcoiei5@myspace.com
36806bfd-4279-42b8-8cae-4e9b8a0be269,Padriac,false,whanesi6@stanford.edu
d9cc5623-7638-4887-aace-106c4b6624e8,Sophie,false,tgoakesi7@about.me
7fdb566a-ace4-4ea4-a4fb-ea93c83cc7da,Starlin,false,rwickleni8@twitpic.com
bf0b6298-5489-4636-9fad-9f9839b2d2d9,Farleigh,false,jwhittingtoni9@infoseek.co.jp
a53e3433-fc37-4d9e-8335-02965544fbef,Britt,false,ngilligania@skyrock.com
c20ef2bd-1959-405f-a455-b94e788365bf,Gerladina,false,pdawkinsib@fda.gov
11b1dc34-d912-4411-b447-f3462544ebf8,Renee,true,cdanigelic@ucoz.com
72096b1a-b9da-44e5-8d51-c80c0f6c6218,Burt,false,malekseevid@theguardian.com
b743196d-2510-4eb9-ac25-0ac9052a9c0f,Jasmine,true,hbebbie@accuweather.com
5571cf45-ce3b-47ee-a71e-b118d887c493,Susannah,true,dtraharif@exblog.jp
5279998e-9f75-4503-9f3a-539d2a5dd281,Serena,true,ngremaneig@eventbrite.com
82dc9c48-cb6e-462f-a00f-3df8d6151a8c,Sergeant,true,lwhitehurstih@cnn.com
ba592ddc-92ac-423c-b1c4-edba31c2cd0e,Artus,true,ngrimsellii@gnu.org
74d3b143-7a9e-4809-8965-27d87d8921f5,Florencia,false,mgilesij@ehow.com
a47c9118-fda7-4613-a91a-597d1f99d327,Tedmund,false,tcattermullik@liveinternet.ru
7e119618-d091-4abf-bb82-7362dcc9160a,Beverley,false,rcollibearil@chronoengine.com
7291c6de-e561-4c8c-b18c-d96bfd58656a,Tracy,true,psneakerim@mapquest.com
96284a8e-9f24-4e8d-9b5e-da353f403a5d,Mateo,true,lgerreltsin@wiley.com
bd6a9d31-e132-4978-afa4-5395c11e679d,Romain,true,qbygroveio@simplemachines.org
4104f6eb-5e58-4f22-a638-df3c9efa2154,Bran,false,bjakelip@newsvine.com
3c5e4d0f-c256-4a49-bf86-891397c24b7f,Nikolaus,false,obithelliq@com.com
863dd9ae-a065-4e7c-96d6-6887a1844844,Jacinda,false,cbonehamir@flickr.com
85de19a2-343e-4f14-960d-09d4c618d5ee,Avie,false,mhubbuckis@cam.ac.uk
a1d7fbd8-53c4-46d4-ac24-898aed5e0085,Yorke,true,lkornasit@discuz.net
62791a46-32cb-47af-816c-38d6ebb62aff,Charley,true,salfiu@github.io
a52bc5f8-0b2c-4447-a8c3-c081b771558b,Aylmar,false,tpinareiv@xrea.com
af12c975-bece-4456-957a-412b20f29391,Darsey,false,cstitheiw@washington.edu
fcead19f-4508-4881-a12f-92e4c62d6ac7,Kristopher,true,cbrearleyix@imdb.com
ae6d212e-b6df-4f5a-a37d-28666a31794d,Laney,true,karrowsmithiy@booking.com
3129f17e-5a8b-4c40-a12a-b12b181f08ce,Doti,false,rmurleyiz@google.co.uk
f6a6c29f-c83d-4b28-9a1b-7368cbcdb99e,Jobyna,true,bextilj0@seattletimes.com
c207f046-85ca-4ca5-ba92-f2d901a2fb8f,Abel,true,ldurj1@jalbum.net
650dccbd-e1cf-4ad5-837c-45038f0ba3ac,Jolie,false,sthomtonj2@1und1.de
351efafc-c049-47fe-bdfc-2b3ab12bcc3b,Teriann,false,tmcbeathj3@bloomberg.com
8aecf296-e874-41f3-a7b0-e078734269e6,Niko,true,kpymj4@gravatar.com
e3f53362-158e-42f5-a36f-e88b807f881c,Robers,true,dklezmskij5@creativecommons.org
eb0acf36-e8d8-4893-8cec-032f14a41ef9,Eunice,false,rtomkinsonj6@nsw.gov.au
6e1a54a3-5de3-4211-a63d-9cfebb5011a6,Brade,true,lboulsherj7@youtube.com
b9ff489c-4c3f-4af4-a8f4-674d994abed4,Alexi,false,mcarniej8@joomla.org
a4fb67b6-bb0c-4e6c-b59e-151498dc85e3,Staffard,true,vbartlomieczakj9@prnewswire.com
7cb76cff-64c5-48e6-a243-957fa55f058b,Jaime,true,rmolandja@ow.ly
a8309c70-3b34-4ccf-ab86-00ad7e5f6d22,Lucien,false,tstideverjb@weather.com
8532d62b-a9fb-4db3-bd98-f28bd41ebb99,Faun,true,pfrydjc@ezinearticles.com
38191197-a634-4c7a-bd07-0507c9004c12,Burt,true,dqueenjd@google.co.uk
ed1c86bc-7464-4cbf-ad8e-2ce196613117,Augusta,false,gclarycottje@istockphoto.com
e3806035-5aec-461e-86a3-afee5e8e6c39,Kristopher,true,aounsworthjf@dmoz.org
4a3b0d15-6062-4688-9d8e-98e0997e5849,Peter,false,psearesjg@livejournal.com
e8baa6be-f320-48ef-9c6b-4cbc0742d69e,Salomon,false,jainsworthjh@360.cn
5b5e283e-feb3-433a-9bd7-150ee7d0bbad,Daisey,true,cmalbyji@harvard.edu
7d897d90-04ca-4171-aaed-8180014910a1,Bibbye,false,pmcdonoghjj@ucoz.com
0677ce15-5d16-46ed-be41-2d6364c1fe3f,Chiquia,true,bupwardjk@japanpost.jp
c33e8452-80b1-4795-a22d-d94d7b91343c,Britt,false,dhughesdonjl@wikimedia.org
253b6d25-9fee-451c-a81b-a278ff404413,Shel,false,ebuzinejm@google.ru
8f72fd6c-233c-4cda-a244-efe3b36a330f,Herbert,false,asamartjn@gravatar.com
90f0150d-cfeb-4c1e-b53d-911436480016,Syman,false,knassaujo@phoca.cz
3e20dbec-5b2c-4232-a11c-cc78bf469b73,Jehu,false,mchattelljp@msu.edu
cc8eafef-9670-41fc-97d7-b8e5af21f3e6,Thebault,false,cweatherdonjq@topsy.com
34d8cc4e-9bee-4e9d-9267-0dcbbd997240,Porter,false,xstathersjr@google.de
0e836942-88cd-4c6b-a124-7b8335f5037c,Gustavo,false,njammejs@shareasale.com
4e171472-dab4-46c1-89f2-28fabd986268,Elke,true,mhayseyjt@sun.com
2767157b-5426-4839-a248-6d99ee99e42b,Deanne,true,ggiabucciju@blog.com
fe4c33af-a081-4510-8a30-845f2124bc3a,Sophia,true,ltolletjv@usa.gov
088e70a4-9299-42fd-9392-06dba5f0a961,Blaire,false,wwhistlecroftjw@wiley.com
9df8c9b9-a01f-492a-b637-ab2f6131d50c,Fredek,false,elewendonjx@a8.net
36f9c624-11eb-49d9-9413-ec37a60762b4,Ibrahim,false,rlilleyjy@businessinsider.com
3b222bf6-4665-448e-8d5d-ce53ba996804,Jannel,false,abeeversjz@so-net.ne.jp
053a696a-73d5-4275-9c2e-067938f84dff,Damaris,true,gpinnickk0@npr.org
466eeebf-a66a-4e1a-adc0-a9c39597b7ca,Shalne,true,jclapstonk1@reverbnation.com
af99024c-6bd7-42b1-8c6e-3490f431a6a5,Darbee,true,tafieldk2@slashdot.org
0587cfff-2ced-44e1-8d3d-26b5cd70d787,Risa,false,awilsdonk3@hatena.ne.jp
e56c8437-3d3b-4707-a41e-b417c2185b41,Janaye,false,dseeneyk4@goo.ne.jp
20e45f68-cb06-4c40-9758-d06cd16522ad,Ingram,false,ccripink5@google.ru
c2addec3-e1c4-4021-a925-ab819e994294,Keriann,true,kroscoek6@craigslist.org
95fda30a-1fbe-4d02-8d18-b500fa41b966,Felisha,false,nfurmagek7@sina.com.cn
db690225-df8f-4102-ac78-9f62ed9773e1,Earlie,false,mmedewayk8@blogspot.com
b72a4fce-210d-41b9-ad85-22119be9e278,Hardy,true,ewoltonk9@pagesperso-orange.fr
8d2bde54-8929-4f52-a569-18fd99a52065,Erwin,true,malgarka@aol.com
cf032e7d-7000-4d95-9823-2fe40988ecc2,Herta,false,pbamfordkb@wiley.com
f963283c-d9ea-4a48-813f-f4996f685d98,Edlin,false,lmoffatkc@webmd.com
e8703865-8691-46db-91e7-a407267520ea,Thaxter,true,udrydalekd@umn.edu
d1c5ccfc-9d40-4a15-862f-aa985af5757c,Drusy,true,amoseke@networkadvertising.org
ceabe50d-d6e1-4452-9170-4b821994b02b,Lin,true,bgutowskakf@gizmodo.com
369cbf3c-2ca2-4c76-83a0-0a44555af477,Gill,false,jshrieveskg@php.net
28b0791a-dc7d-44d8-9a55-fe9aef13a430,Christiane,false,bshevlankh@ibm.com
b76080c6-f03f-432b-a18a-c06447a7c71b,Jonell,false,wvandenhoffki@csmonitor.com
f444cc02-9bfe-403f-a469-371637dd7743,Che,true,pbrighteykj@discuz.net
c285442e-74f3-4837-9657-927fcfb639b8,Rudolph,true,ldellakk@t.co
1a0613fc-9e92-430f-b131-ba1b989569ea,Brook,false,wjagielskikl@dyndns.org
292b5446-c048-423e-abc5-b26349f7b9be,Liana,false,twestwoodkm@flavors.me
803f2603-9456-4b5d-8fe3-066cc8bd1664,Drucy,true,estartonkn@mit.edu
71a1b59f-b32a-4a32-973a-1a66ad44650b,Annabelle,false,cgloyensko@usnews.com
05aea370-b4bd-4a5e-81f8-0945dbb34942,Brewster,false,kschoaleskp@columbia.edu
ed9eef68-8fb8-4b35-bcd4-b4e8045b82a6,Rachelle,false,scubinkq@comsenz.com
55868560-cae3-425b-a106-177d1f063264,Launce,false,rskurmkr@oracle.com
b2ccc44d-cdd8-4535-af89-8facff76e204,Margalit,true,kheathcoteks@mozilla.org
2368c25a-9e27-420c-86a3-c0e3b47adebd,Melita,true,lburnesskt@nifty.com
32087b3d-2917-467a-bf72-0e9a87216762,Tracy,true,mpocklingtonku@epa.gov
1826ff04-2766-41f7-8fd3-b96c1c05a482,Shay,false,adomenguekv@xing.com
e419044a-36ac-4554-9e68-3c3b1bf903f2,Wildon,false,jbehankw@businesswire.com
ab446fa5-2600-4f11-a278-ff1d98cf2c7e,Aldin,false,jkilvingtonkx@printfriendly.com
7b9c3867-fcb3-49c4-8671-389b94a1694a,Darlene,true,sodgersky@booking.com
371ee256-7689-438f-9eca-8289451d4d2a,Gusti,false,dkohringkz@twitpic.com
f8400178-63b0-4209-9bec-61a232f54e57,Binny,false,aandrieul0@sina.com.cn
1c936534-4364-4b9f-95c2-ee0947927d41,Korey,false,jtamasl1@privacy.gov.au
ff22f6d5-72f7-4e36-a057-37bf842f2267,Bjorn,true,sreariel2@marriott.com
41d543da-b11f-476f-9594-3cafbc3924a9,Olympia,false,kpoyzerl3@imageshack.us
9c8236b7-1cba-4ee8-9adb-3786a1172537,Jesse,false,mstrondl4@vinaora.com
75184186-d3b7-4abd-a379-5141a1f109a1,Ann,false,hmelanaphyl5@chronoengine.com
fa777e56-eb69-4592-8a8f-fc3002272dcb,Cam,true,llorantl6@yellowbook.com
fc1f7d12-c168-44a9-9dba-398ad09b7901,Jacquelynn,true,vbottlel7@cnet.com
5a1bb205-9241-4c7b-879d-518044d8026a,Lin,false,rtomaellol8@tuttocitta.it
abc6775c-a085-4cb7-af81-27a73e191014,Easter,false,jwagstaffel9@ca.gov
b36fa378-773f-4e6f-8883-50a261917b7b,Tasia,true,lbrokenshawla@umn.edu
cede385d-e42a-413b-99b1-f0c3dde0afab,Shayna,true,vcongreavelb@weibo.com
9d2d2ecc-0c6b-4f53-bd9b-3e55b5b4cfa7,Braden,true,ehamorlc@exblog.jp
981133a3-b584-4d31-bb99-a019833c9175,Rachelle,false,fdespenserld@canalblog.com
4139275c-28ba-4307-aa7f-26776f2f2310,Audy,false,solfordle@nytimes.com
3427fcb5-0a00-4b5e-a66b-0a8bbfe814fc,Melamie,true,mchurchmanlf@hao123.com
f7b8b7b9-5f31-4795-bb5a-6c0190b67c5c,Llywellyn,false,jchinnerylg@bbc.co.uk
65e40922-7435-4936-8d77-5e9be1976617,Bendick,true,lionescolh@barnesandnoble.com
5ba7ef3b-dfde-4105-9a30-2b031e1b2801,Erina,true,mchinnockli@deviantart.com
a29cad28-24c7-4fcd-b2e1-41ebebe698d4,Serena,true,bdeganlj@about.me
d6dec14b-a097-4c0d-b048-4a824ccec558,Murielle,true,tgiffautlk@smugmug.com
968ee3b2-0c41-468d-b0e0-4ce019f47489,Cristi,true,nsaiensll@cbslocal.com
41ceb3f4-5352-41b6-85b1-d4a71a164459,Tobin,false,srosalm@elegantthemes.com
fece7d14-2a14-4d88-9a55-73cce0bbc59e,Shana,true,ajiroutekln@live.com
d3c10a99-543d-42a9-9e53-291862257e17,Kassandra,false,bcapperlo@angelfire.com
7e28c60a-eb54-4dd6-96ba-657fef73de77,Thedrick,true,rfilanlp@wikia.com
a6b7040b-f00f-4f06-9644-d0bc08b02c59,Nester,true,rbidewelllq@europa.eu
3da4a52b-ee97-48f6-b69f-1ddff5e05783,Ruthe,true,iharkinlr@cargocollective.com
f8e4eb3f-f5e1-4b9f-91af-e91248de1735,Melesa,true,npollettls@skype.com
62f24f75-4e87-4a48-ad06-5e2bd8a9fc0d,Lorri,false,lmosedalelt@umich.edu
17c8875b-1215-47c2-8c30-8e179c6ed3fe,Aldin,false,brameletlu@is.gd
e407e73b-8b11-43ca-bb36-40222bd031db,Elijah,false,rmapstonlv@com.com
5f8edbc4-5317-4240-abb0-6fc94741d3b6,Aldwin,true,schillistonelw@e-recht24.de
05d7fdef-ef01-4e25-b54d-30e2facf81bc,Dorella,true,bleachmanlx@umn.edu
04abae95-cd9d-4c62-889a-8b5a52cbcc57,Ware,false,cworthingtonly@home.pl
cb05e0bb-77bc-433e-bdd6-feeb5cb86736,Simonette,false,mkayslz@nba.com
aa55deda-c953-4d5b-9ba9-b77a4574fcbd,Brook,false,kdibiagiom0@mapy.cz
3c9ea11d-53a0-4763-a3dc-5043b40699d3,Keefe,true,cdacostam1@techcrunch.com
4d079901-5dba-48fe-b837-087e336b0f87,Ugo,true,bwinspirem2@cloudflare.com
657c8f3b-c420-4d7f-986a-9a1532cfa6ab,Teddi,true,khaccletonm3@forbes.com
da04d6da-f8df-4ab4-a6c5-ff94c2f3f16e,Guinevere,true,mscarlinm4@stumbleupon.com
2f6746bc-08e5-4897-b071-6e21d2fcc81f,Ichabod,true,platteym5@kickstarter.com
d29726d2-178c-47bf-8878-b7c681d8b672,Cathrin,false,amaccartairm6@live.com
e88f033f-ff21-4cba-bada-b1808f3bf78c,Christiane,false,kpennymanm7@tuttocitta.it
f16723a8-f4aa-4fc5-8c66-a215bef7a7db,Storm,true,mwoodwinm8@mozilla.org
5380b070-91db-4afa-abdd-d9f8ff72af6b,Maurene,true,kcreboem9@tuttocitta.it
ead6ceae-2da6-4d32-8308-6b3317c0b051,Lin,true,mpotema@tripod.com
c6c13975-191f-41d7-9408-daca0992af8f,Kym,true,pkennfordmb@soundcloud.com
5d7d4279-398c-4f4c-9d21-944c1a043956,Lamond,true,htrengrovemc@networkadvertising.org
6a365ce5-88c4-442c-b0a1-24665323d028,Sallie,true,draynesmd@loc.gov
c185b873-9a2f-4e61-aa99-4f37511df56e,Jammal,true,hlehrme@mozilla.com
9eb5b2e4-fcfb-40e2-8545-95a87a2b57d8,Bud,false,cseverymf@geocities.com
e981945c-4e3f-4ac6-ba0d-3aa7410a23f2,Dieter,false,kadnettmg@hp.com
0a79ac2e-ba52-4e8e-9165-61b9c41fd997,Jaimie,false,xreihmmh@hibu.com
bc53304c-8ee3-450a-903a-c7aa6281f911,Tandie,false,mbrettelmi@deliciousdays.com
e0e278b2-fbd2-49de-b185-bb55e2b702ba,Ardene,true,kkimbellmj@independent.co.uk
3e62f9de-2395-4367-98c2-e0d4adc8c52d,Fifi,false,kuddenmk@guardian.co.uk
d6f39b1b-3de1-47d7-92b5-ff6232bd7499,Shawn,false,saugurml@tripod.com
5735f340-55b9-4b10-87af-c8bb61cd94b0,Gerladina,false,lkeatonmm@alexa.com
b52f192f-4e0b-45fc-a518-acbfe016d3c9,Curran,false,cblasgenmn@ebay.com
dbb9210c-b735-4826-b85b-b48686cac146,Lonnard,true,gmintrimmo@ebay.com
3f39aab2-18dd-4c9c-99ff-9489aa839e2e,Keefe,false,reatockmp@yelp.com
94435292-16f3-4624-b531-e41d50848e96,Tandie,true,nmawdsleymq@amazon.co.jp
d7ae1eb3-23e9-483b-b498-b441de4e1d3f,Marchelle,false,ahinkleymr@hud.gov
dfd8c25e-2245-4178-82f1-8420d99cd3d4,Tammie,true,smyhillms@wikipedia.org
00a176b9-8849-41e3-8da8-ebe24ee96860,Jenn,false,rtukemt@dyndns.org
a32722fd-cecb-4a2a-9900-5ff15444da7f,Cris,false,gmouginmu@wikipedia.org
19bdafec-2d36-47bb-a995-71c0073efa87,Maynard,true,amcgeevermv@apache.org
8b2a81f5-156b-4b0a-a0a0-630f9783ccc0,Carissa,false,kwoodburnmw@cpanel.net
e6019e58-a682-4f57-bf34-cdcc2d8b99cd,Dalton,true,zdavionmx@amazon.co.uk
b54006f3-f00d-4db8-b3fb-64e1c4ca6058,Reagan,true,gbrunescomy@webeden.co.uk
8e6270aa-3766-42c0-9c30-8f3a24d13288,Tandie,true,onoycemz@hexun.com
9c3eed92-c5bc-426f-a6cf-35a822d03ee6,Kym,true,bcathron0@sitemeter.com
c3961281-9137-4489-8e60-a76fc80b4335,Braden,true,breichartzn1@nhs.uk
79d57d98-bca9-42c2-a1ff-0a3f67419477,Barnabas,false,gcoultardn2@qq.com
4671a261-7c69-4ed9-a77a-9a2e9c8878bb,Traver,true,mbacksonn3@yale.edu
e7669b79-adb6-4639-969c-a9710867f30b,Sheppard,false,dcurneenn4@cnbc.com
645c92f2-0be4-46ed-b3f1-f4a2bbedb31d,Cinnamon,true,celderedn5@hostgator.com
add2cdb5-f421-4b56-9505-03b57368661e,Sharline,true,mshilstonn6@apache.org
ae33d5d3-2dc3-4d10-91eb-6d68eab65ddc,Liana,false,voscullyn7@google.de
4a7c334e-3e68-4a52-8dc4-b1b20b948fed,Jennette,false,aburrown8@ameblo.jp
5c3d59e6-9eca-419d-83a0-a713d88ea6a4,Rosalinda,true,bskoulingn9@mapy.cz
8ea0f411-08ea-453a-8cac-08c1ef664fdd,Theresita,true,reliffna@xrea.com
9b7ed0f2-91c4-49e0-99e2-e1ff75fd32d7,Piggy,true,cwasbeynb@mozilla.com
efaca6ba-fd1e-4440-b364-c221f972972e,Saunders,true,harkellnc@yale.edu
5d6cdf8c-dcf9-4c5f-9909-58141062f505,Joey,false,nvalentind@deliciousdays.com
bfd857ca-c617-4be0-87ca-c5f4867bb0f1,Ursa,false,echomiczne@google.pl
4b5783c2-fb07-4ebc-a752-7e747845c332,Elfrieda,true,fhelversennf@nymag.com
971973fb-ce58-4508-8f59-06a11f1e2c5b,Leopold,true,mkemng@salon.com
0e53c29f-30ab-4896-8743-77a6303dfa72,Drusy,false,cmackeannh@prnewswire.com
efe156f0-c025-40e0-bc4f-b97c9ac9b694,Evonne,false,amalleyni@amazon.com
4ba53ce2-4fa8-472c-bc58-be45061e0773,Mair,true,hpiddlehintonnj@hexun.com
2b3d0d12-49de-433c-8277-38b5c94252a3,Jaimie,true,bseyfartnk@e-recht24.de
ef2270a1-ed72-415b-bb08-5166735d1097,Rube,true,obrutenl@xing.com
34c89da9-6bf0-45f7-bd06-ef6c695ad489,Jonell,false,mcuelnm@nhs.uk
3710c497-7fb4-4826-b5ab-dedb45d4aec8,Alidia,false,opurkinsnn@ucoz.com
8d92d86f-c0b1-4a2d-9a86-21c95a6b4c48,Lenna,true,clorenzno@jugem.jp
d76b5f5e-a543-4952-975a-71b86f8a395f,Celene,false,aionesconp@gmpg.org
ede5ccd9-963f-4df9-a183-ed4fdd7d1f48,Alon,false,bdeverocknq@ehow.com
0153424a-e3ad-4d45-994e-d7b7b1aa5b8d,Margeaux,false,ghoobannr@tripod.com
7843373f-5409-4f38-9681-4e22afe8b401,Miguelita,true,dfrancescottins@answers.com
ee56c363-fdeb-4be0-83eb-4404e6fc1d41,Thaxter,false,lgildingnt@cornell.edu
df50dc1d-5ea4-4874-b136-d6851e330abc,Christye,true,tlangstrathnu@flavors.me
0ca816aa-880b-4268-941e-78cdba7b5e8d,Stillman,true,lmillbanknv@google.nl
249c4fe3-500b-4bfb-930d-8b665395b574,Venita,false,mmacgrathnw@economist.com
1f5a979f-08d6-4f25-a0f4-375adb219800,Cob,true,jolliernx@gravatar.com
e1fa7b2a-8f8f-47cb-ad51-318e82de7f10,Joby,false,euppettny@ebay.com
b728f187-c19f-4dae-b040-cbfbb1924ba7,Debora,false,ghiscocksnz@intel.com
6ca49aeb-60ab-4cf1-b677-8a8ca1b8463c,Keefe,false,wsemeredo0@alibaba.com
2abe91b2-e91c-4cfc-8d61-577584f73630,Miller,false,cheiglo1@vistaprint.com
fa3a2440-6dc9-41be-aa29-305bfe335dc5,Sher,true,achedzoyo2@zdnet.com
89bc94df-46af-4970-bdb3-37e1d56c7af2,Matthieu,true,sbonero3@tmall.com
83b2880c-5337-4d37-85b3-4fe0fbbdc1aa,Emilee,false,hmcdello4@drupal.org
952de46b-b9d0-4316-9c81-4aa9f243efd2,Shelby,false,gbansteado5@xinhuanet.com
8ee7e15c-227b-4382-a8b4-c1eee3d59f7e,Merna,true,dsimmanko6@amazon.de
7b9ed741-27ca-474f-b9a4-9133684649f1,Alonso,false,dturneyo7@imdb.com
94142130-f1b0-4230-a9d9-45b555daf4c9,Amargo,false,swigmoreo8@blinklist.com
365b52b9-f04d-4c07-84ab-ac6202be2312,Dyna,true,cvasyukhichevo9@ftc.gov
42d84125-d467-4113-bd5f-20d81b3bfdb4,Theadora,true,phuthartoa@apache.org
f4dbfdbd-b0f3-4a4a-8857-fa1a46ccb540,Kesley,false,ihymusob@canalblog.com
9b270838-48fc-4ec5-b37d-8d4d4e2dfacc,Yorker,true,mfitzeroc@guardian.co.uk
12dc4c42-22c1-4fc3-807e-135d39d86038,Paddie,false,hporrittod@phpbb.com
f11f9c9c-1b9b-45fc-bd45-ea6f39b30856,Gill,false,arimingtonoe@hhs.gov
4375fc81-75ac-4e07-9a88-a90f353b12eb,Stanford,true,dblenkinshipof@fda.gov
ee405d38-721b-4cc3-8fc9-b6d765788d46,Riva,false,fmadillog@un.org
8d0c2134-ba21-42f4-a99b-b16faf466b47,Curran,false,cwhettletonoh@gravatar.com
10f2864f-1011-4a12-a22f-92b19b237d87,Julissa,true,gtomasellooi@army.mil
d1c9a2ed-f1c4-4d2d-a81d-3f47cbf66af6,Florencia,true,owyldboreoj@tripod.com
56e12555-2a5e-4c40-853f-83e62dad2bd6,Lorri,true,oblondelleok@cdc.gov
a65ef10f-d330-4f7c-8d68-e1b996e16064,Alfie,false,gjeuneol@yelp.com
f2e45b92-2bfb-4527-976a-765135e64650,Myles,true,stregidoom@admin.ch
5f82b6e0-4455-44a3-b55c-f1df4218eef7,Tonye,false,ehumpatchon@craigslist.org
55e9ab70-4257-46d5-b0f1-01b20e6f482e,Alaster,false,jgriggsoo@fda.gov
8dd52dc6-c5ab-4b6c-bbcd-749d10f757bc,Erin,false,ajorezop@google.com.au
7ca35165-939f-4944-88fc-2ec1cf169e11,Quinton,true,dgreganoq@taobao.com
9e8a7e49-bc31-444d-a52b-93a03cb486be,Gerladina,false,kgammageor@homestead.com
cd9a722e-fc09-45de-bf5a-53094b605dfc,Eadith,false,lweadickos@bravesites.com
9c5d82eb-35a8-46a7-8295-6ac20dfcc441,Dickie,false,mdanilishinot@technorati.com
6a1f73fa-e0cf-400f-88f6-bc97586d333f,Joyan,true,sshovlarou@simplemachines.org
6ed08f12-ff88-4ea7-b0b1-5d442676e28d,Maddalena,true,mtucknuttov@china.com.cn
6d814dde-3df5-4336-9c89-9a9059d12390,Jeanelle,true,ahalbeardow@wordpress.com
325cfd83-3d42-4e75-a659-0bf9936fe7f5,Ashley,false,croughleyox@china.com.cn
ce6c8ee5-6ed8-4c57-a1a9-e90cb5435d17,Carmencita,false,jspereoy@dot.gov
45368f04-8a22-46f0-b47d-15d47978af07,Chicky,true,hgummoryoz@vkontakte.ru
1c87772e-0ab5-4a4a-a9a1-b62c081a9158,Perla,true,twalklottp0@apple.com
d4209e62-5ea1-475e-968e-e4cd9f38e3be,Liana,true,dwittp1@ca.gov
1ba352c8-ca53-40d0-b7ca-8d0e28a39b3e,Dorella,true,rkelmerep2@squarespace.com
71881c15-a006-429c-a2a2-c02f05728dc6,Maddy,true,hsterleyp3@opera.com
9b7247df-916c-42e4-9c43-4602eb534955,Germaine,false,apontep4@cisco.com
6403e783-5f93-442f-97e0-c2f221257956,Shari,true,cmapowderp5@sphinn.com
e64167e3-4f2c-4c47-8160-7f5faf5f668b,Leo,true,dgreatheadp6@shareasale.com
a16a4bae-1d39-457c-8c47-6e68eeb8f088,Becca,true,rmurkusp7@geocities.com
d85366ad-5d31-45e0-983d-bb8468325cc4,Skipp,true,mcockrellp8@chicagotribune.com
59794393-1a23-4258-9eb2-e9107ef51869,Emmery,true,etwittyp9@businesswire.com
23b4f6e9-08b1-47f1-9827-5aaffb2886c5,Kelley,false,discowitzpa@google.es
e06ffaa1-9c91-449a-87eb-dc85bb73aae2,Lorri,true,cvenablespb@netlog.com
2ba0c7c1-392f-4761-9d7b-2a84a931245b,Wendel,true,jweblinpc@howstuffworks.com
521c73f7-fcef-4b94-b3a7-e0337dcbcbff,Tandie,false,goatspd@behance.net
1fd6ef73-931f-45c9-8218-2ad217b654b9,Jenni,true,wbelchamberspe@dmoz.org
2fe66ec7-1427-4b81-a33d-9bcae22abe41,Lonnard,true,jwigfallpf@ow.ly
6e9b8a50-c2a5-4c69-881b-4696dfbdb313,Ernesta,false,ecambdenpg@cam.ac.uk
86c3bbeb-e065-4f17-9491-2adf49795317,Lorain,false,upolkinghorneph@hostgator.com
35907cba-db5a-4a94-be66-7fb21eb3aff2,Caspar,true,wspeakmanpi@hexun.com
7ac52f9a-03b8-47ed-ad4a-b7d6f7624b63,Franni,false,mosbournpj@etsy.com
9cde6d45-1201-4402-82c2-f71748cdfe72,Al,true,bstoffelspk@toplist.cz
e08e8642-62d2-463a-9465-af7f6dc688bb,Orelia,true,flumleypl@csmonitor.com
7f933da2-3cb1-469f-8752-3808d8917e0d,Piggy,true,ddelberguepm@biblegateway.com
96ca9b7b-8038-46d7-9363-7a7958f03536,Filbert,true,acouvetpn@fc2.com
8b09206d-afec-4d38-a439-efb0ed7aa721,Dyna,false,rgarmonspo@engadget.com
632cc402-e996-443f-ba9d-c824c310c751,Etty,true,roneillpp@youtu.be
b9cdba39-23b3-4a0f-a114-298db2d8797c,Abbi,false,gthursbypq@digg.com
7bbb56fe-c063-4a60-87f4-dc8285c26108,Jeralee,false,jceccolipr@answers.com
8287a2b1-eb2a-47cc-8df3-8b0611d3440e,Benni,false,evictorps@google.cn
0c2d00ef-0e7f-4eab-b436-2e0525b27745,Katina,false,dpickoverpt@cloudflare.com
1bd6746d-d457-4ba4-85f8-71b2cc2a41ad,Tymothy,false,cguisopu@pbs.org
16d80bb2-efd7-41c9-95a2-3831e6a09288,Devy,false,ssloleypv@yolasite.com
3bc4c0de-d69d-4bdf-b8f9-2ebdf226a778,Melesa,true,gcreanypw@dmoz.org
eb861a7b-4511-4142-af6d-ea74320f690b,Lorinda,true,estancerpx@yahoo.com
3fbff0fb-97bd-471a-bc4f-6a0971649d7e,Becka,false,grodellpy@indiatimes.com
e02dbe24-5726-451a-a78b-7a73ead7d50a,Merna,false,rhenkepz@umich.edu
84292ded-c653-43e7-b0c7-71e3a47ebb07,Faun,true,mkubickaq0@nbcnews.com
3cb01eed-0aa4-4fab-80ad-9277a0452625,Robby,true,rjanikowskiq1@aboutads.info
e6754ba8-867c-449c-8998-eb3fa54017d3,Clari,false,edanskineq2@pbs.org
5dfc97b4-be52-4575-bf19-ed715138ff28,Sophie,false,selsonq3@squidoo.com
8f2bfafa-b59e-410a-91c7-df052a9c892d,Braden,false,rcamousq4@ask.com
2e7ae557-5391-4abf-84fc-9cd3e00dfbdd,Carolee,true,ehaukeyq5@pbs.org
9d5b4b3d-d2d0-4825-bcd8-8dd0077e4840,Ely,true,clutyq6@prweb.com
bacb3314-6768-4b60-b4d7-f62e7eddacd9,Viviana,false,arampleyq7@youtu.be
99584788-aafb-41bb-b533-a4111b5de8cc,Burty,false,mwatsamq8@rambler.ru
c99b94aa-ebe2-4c50-a09f-96d1dd0c4c61,Howie,true,kfuentesq9@360.cn
2f6bee9a-c21b-49a2-bcca-6e5ca8966877,Stefa,true,asprowlesqa@ning.com
a16d8cbc-3b29-41b3-a1e6-71f18918beac,Mateo,false,ydruhanqb@gizmodo.com
1e1b0f8b-222b-443b-ad3c-95cb3d3bb27f,Tanny,false,bspikinsqc@yale.edu
96545635-20bb-4b06-aa91-2d2ad3bd26d7,Sigismondo,true,pkilminsterqd@blogspot.com
45c02c98-813f-47ec-9df0-3436ee634ba2,Salomon,true,echattoeqe@deviantart.com
3b003da1-1257-4bf7-9d65-7253bab08f1c,Cob,false,tbamberqf@cnbc.com
6f9daf6f-6d12-45f6-ae7c-173c2573cee0,Ibrahim,true,gblundenqg@amazon.com
3415a0e7-1c33-4bee-80e7-2272c0c786b0,Lorinda,true,cbrowettqh@woothemes.com
84f09191-f001-4045-ab48-e0dc23874daa,Ellswerth,false,dbeagleholeqi@digg.com
4e791886-c397-4226-a4fa-7009f3a27f68,Rickie,false,kballstonqj@sciencedirect.com
51cae269-9d89-435d-beb6-2b546aad4e79,Shelby,false,jmanhoodqk@ucla.edu
e78a45ec-c729-4a7a-a9c2-b7d36bd238f3,Grantley,false,kpyettql@dmoz.org
db041ee3-7fed-44f7-9b06-52d722a7cbe3,Laurianne,false,hjessenqm@fotki.com
90e9ff83-5e73-4e64-a951-400613623329,Farlee,false,rvidoqn@phpbb.com
b2eb090e-908c-44c8-97bb-6be1439bf06b,Marla,false,kagostiniqo@mashable.com
a03e8ec4-74d7-4307-850b-84f010c14150,Barbabra,true,mcooleyqp@weather.com
a716f6fb-ca4a-4dd1-aa90-88d283199b7c,Delmar,false,vlammieqq@1und1.de
37a789d3-60b1-4455-bb4e-2b83e1d7e5af,Candie,false,mtapplyqr@time.com
308c72b2-79c5-40ca-a7b3-644eddd00bed,Court,false,ahalfordqs@posterous.com
44cecc3c-db48-420b-8f73-edc501dfac85,Matteo,true,nlangloisqt@exblog.jp
5fe70551-22f1-4f66-af83-3a4e42184f69,Eberhard,false,gyegoshinqu@ted.com
3660bb64-e797-493e-91a0-c5009fed7bf0,Suki,false,lquartlyqv@diigo.com
3077a91f-a0b8-4693-916c-f8f7c138b200,Ophelia,true,sjopeqw@livejournal.com
a0ecaf9a-3423-46e0-b97d-039f62d20b1f,Devland,false,dthorbonqx@facebook.com
cc94fb1d-2d87-4a24-8a32-bc8b01d40065,Aldwin,false,eogborneqy@boston.com
6e126d4b-df30-4d56-97b5-bab42729ae9f,Deina,false,gloakesqz@lycos.com
7854371d-fc1d-4c83-8994-7edfa9eb7df8,Traver,false,rsapsfordr0@yellowbook.com
1b458295-4603-4680-be11-ee02550351ea,Artus,true,hbricknerr1@creativecommons.org
e74293ae-7921-428e-beb8-9b0940961be4,Annalise,false,ckillockr2@nature.com
cfc88917-8c43-4f8a-93f4-9463ce9d3009,Nikolaus,true,mgooldingr3@ustream.tv
6b54337b-eed8-4963-8deb-099e4e8303a2,Barnaby,false,rmckeer4@yale.edu
c3c38324-4154-40b3-b871-2b91a5d03ece,Etty,false,bseelr5@studiopress.com
88a15f26-cf28-4ee5-8cab-51c30b8851b9,Taylor,true,mpumfrettr6@psu.edu
1076789e-967d-45f4-a7a6-a0e435d0a796,Lorri,true,dkearyr7@tripadvisor.com
1841f1dd-6d94-4bfe-bd96-ed780adb4bcf,Florencia,false,gbarkwayr8@dion.ne.jp
c0d32d35-78c9-4254-8aef-c4f3fb8581df,Nissa,false,rdilowayr9@eventbrite.com
b5c37d01-8655-494f-8319-d7d207bd8a56,Rutledge,true,vlacazera@noaa.gov
d3a8381f-d70c-43f2-a345-df13562e8439,Amargo,false,pwittkerb@sogou.com
ddeeb737-1bc3-4b90-a1c1-e50e871b8809,Fleur,true,ffranzewitchrc@washingtonpost.com
d7309100-6885-4d64-b3e2-a3dc2b806b60,Bjorn,false,lbertramrd@reuters.com
f3527233-2084-4779-ac49-3b98be069d28,Beryl,true,nballantynere@liveinternet.ru
79a4626f-4091-4da2-93b9-256b8c1baff2,Silvain,false,fciccirf@drupal.org
4c674b68-1173-4045-a168-5110c5cc7b9c,Sheppard,false,slaverackrg@hugedomains.com
7c2f0f64-b1ee-43bd-b12e-067d2edffd63,Melesa,true,msympsonrh@bbc.co.uk
d232a69d-8f89-46d7-8a82-d0ec036ebbc5,Guinevere,false,hscawtonri@pcworld.com
ff75bd29-e2a0-4f4e-a3ff-f5707bb4799f,Alonso,true,swhitwamrj@nsw.gov.au
3c62418d-2574-4867-b68c-a7bb84972f8e,Sula,true,mandraschrk@mit.edu
6551053b-6948-4ff6-a0d8-46bab3be7d6e,Joshua,true,cmurkittrl@upenn.edu
1d715ba1-83c7-47f2-9fc6-a792ff902d06,Magdaia,false,gcoasterrm@lulu.com
2dc2ac54-b349-4bf4-aae0-0e2641bb6df7,Leroi,false,dcopellirn@ed.gov
bd097368-7100-4b49-8279-23caa7248fbc,Blisse,true,esimmonettro@mlb.com
1e113785-1ed9-4c64-b3bb-1344502d96f1,Kelsey,true,mpellingrp@liveinternet.ru
89992b44-3715-47bd-836f-4362f477fbb2,Meridel,false,wredholerq@wp.com
06e3c2a4-78fe-4a3d-8d71-231a38a0c3ef,Thebault,false,mzanollirr@umn.edu
