id,nombre,email
6c10df0d-cd24-41c3-aee5-e4e40dd0c832,Lauraine,lminillo0@sciencedaily.com
e03ce4d0-5b2f-43ff-8b6d-a494ecf76da3,Clemente,ctulloch1@ucsd.edu
5ebc499f-1b52-47a0-99bd-11b3db2dbe58,Berte,bpury2@nationalgeographic.com
7990517a-b3f9-4f90-8151-002de0651c26,Lorita,lstable3@latimes.com
abac6dda-98e8-4123-b627-cafb7037cb43,Edy,ekeyzor4@pcworld.com
845af789-4d24-4cc0-879c-3ad97a4f95c4,Sibel,stitcomb5@trellian.com
8c4b003a-ba25-4cd9-a69a-bf644520a402,Rutledge,rraubenheimer6@merriam-webster.com
575cabf7-3bca-43dc-b1d3-6fa08387a470,Kris,kstuckley7@ustream.tv
b0625ca1-17e4-41e5-9b59-df0accf36c98,Granger,gbiasotti8@nih.gov
7fe1985c-5d49-4e9c-ad1b-d121f641f6bd,Ogdon,odyson9@moonfruit.com
1c033a6e-0844-41e1-bc77-608406f954e8,Alys,asarrea@blinklist.com
f5631c7e-387c-4275-9e90-aba3f8495bc4,Sibilla,scardenosob@baidu.com
6100b32a-1937-4822-9c6b-d22fb139fc04,Nadia,nwitchellc@earthlink.net
4f0480ce-a03d-4567-a961-3fce88532b72,Mariel,mschutterd@cnn.com
3e319484-3a92-4a2a-818d-e29214aacb18,Karim,kwilfingere@dropbox.com
f5f9e0d8-ec30-47de-ba2d-bc5cb1ef2374,Daveta,dhuffadinef@cmu.edu
6e549f81-7f51-4507-a137-0594d044ce26,L;urette,lfairebrotherg@xing.com
c5e2b618-c16b-4d2d-80f1-6cde3196dc2c,Mill,msandallh@baidu.com
1f551ded-b794-4507-a16d-78d690e10d98,Ulrich,ugunbyi@hexun.com
38ba469d-6537-4f1c-82d2-a50006fd9682,Eben,ebaynesj@facebook.com
365c33d8-5030-46ac-990d-e7d3bd21a4d1,Concordia,chilleyk@nydailynews.com
73c2a6a8-5772-4de0-bf25-8b9199bec965,Goldia,gcaudrayl@newyorker.com
aec81242-fd57-4ef8-9279-ceb6cec0bb8f,Ronald,rorhtm@cbslocal.com
75e85da9-6d10-40aa-b0db-1b53110d98c4,Cornie,cshawln@bizjournals.com
93e3049d-d42f-4e52-8550-0571ec2f8f41,Iseabal,iwardingtono@abc.net.au
070ed26d-d157-45b9-bc65-7da24f968f4d,Conrade,ckilmasterp@ox.ac.uk
d084b3a9-c00d-4a5f-bb19-179bf5c5b528,Tobit,tbiddwellq@geocities.com
978f9b0b-a82b-4be1-8be3-759a1a72218b,Ikey,ihalgarthr@mayoclinic.com
2ce3fe73-1d17-4e64-8c79-35f5021974e9,Johna,jplains@berkeley.edu
daccd6b7-4604-4e56-bfc6-f51a64af0cc4,Elvina,eenterlet@forbes.com
d086d815-b6e2-4421-9aa0-312a50358039,Adolphe,aalwayu@delicious.com
c781f7d5-03de-4079-b5e7-2dd3198cbc4a,Tim,tlanktreev@gravatar.com
984322e6-a109-459e-98e0-c41e8e025931,Linette,llazarew@comcast.net
420b720b-913c-4690-9026-42c5964ac1e7,Husain,hswallwellx@oaic.gov.au
426c25dc-0e37-4971-a404-ac39739b31c0,Jorie,jglyney@nasa.gov
d23f28d0-edea-499f-ba5b-eb25e3e15dd1,Pryce,pwinterz@aol.com
8307a65d-fdbd-455e-b84c-9df484b4ceac,Madelle,mpackham10@nba.com
543db59c-7f6f-4c45-a686-27a3b9f55d84,Sloane,skyndred11@issuu.com
8e9e205c-dae1-42d7-9d4f-ac7ff6338957,Jenine,jdy12@rambler.ru
987144d8-a174-4307-aead-e50785f72e12,Petronilla,pleeman13@reddit.com
8a66fc22-0ffb-4ff0-98dd-c9385127e2c2,Farrand,fscripture14@php.net
af994a15-c87f-4644-9fb2-8c8bd6fe0b80,Teddy,tdaeth15@zimbio.com
24e63d37-7df5-47d8-a1e1-f57d3582d509,Angelia,abolletti16@cbc.ca
7e6a773b-c2c0-4817-9ca5-a30449a74bed,Delores,dnoah17@washingtonpost.com
cae9cbe8-7253-4e9f-ad20-fece40680fd1,Angelico,adufore18@google.cn
f0b8e3ca-a4c0-4acb-a64e-1eb454c73b3d,Leanor,lwarlock19@sakura.ne.jp
169154ee-6e6f-4646-87c9-9faca8d09209,Sharleen,shelwig1a@imgur.com
5802dee1-1c2c-4c19-9df9-0a770e17e759,Hamish,hmcfaul1b@phoca.cz
9031354f-e429-4bbf-92e3-9087708db701,Dacey,dcastles1c@ehow.com
9365fc8f-eefb-438b-84e5-7e3327a0fb8c,Christabel,clarroway1d@marketwatch.com
95b23a5a-e03b-4003-9a1d-40448febddcd,Nanette,nfardell1e@senate.gov
e019e58f-66d0-4011-b9a9-9635cd60aa98,Gabe,gspeers1f@cbc.ca
9f4968cb-a800-4d75-a06d-52eebe8f6879,Barry,bpetrescu1g@time.com
4684b533-281e-4149-97fd-2596b1b2f80d,Shamus,sbawden1h@furl.net
eb35decc-34da-40a5-a6da-2e31584204b0,Prudence,paleshintsev1i@uiuc.edu
e1a767e2-9373-42e7-8d74-bcb4111a58b6,Halie,hkareman1j@rediff.com
a17a4bce-e12a-4676-bdca-ff4e9e8ceb8a,Reider,rcrimpe1k@yolasite.com
8d21ee5d-fcb7-4ea0-aa4a-adad4960c2d8,Darius,dguidera1l@techcrunch.com
3fd9f8ae-0368-41fd-80d2-43e0c7b34394,Leanor,lciccetti1m@businesswire.com
f881ac35-0046-4ddc-9038-2e576cb2b621,Wallie,wtarborn1n@liveinternet.ru
f6a3fb4a-be59-4975-8fe3-af32f822b1af,Ilise,idobrowski1o@mysql.com
3f69f62c-cf27-4a39-a694-1b3ee51e0532,Nessi,nlewington1p@cargocollective.com
1579c750-bf5d-4594-ac9e-6dc85a7c66e2,Letitia,lsimounet1q@miibeian.gov.cn
ebdd5617-2ab7-44fd-941c-646661c61884,Allegra,acammell1r@cbc.ca
5557dea2-63c9-4fbb-a5b7-1b009e0ae217,Anatollo,abarabich1s@123-reg.co.uk
e471c212-8c11-4f24-9be9-c8c58db2272f,Marline,mepsley1t@businessinsider.com
3397bf5d-a281-4d32-af64-7c240bceacc9,Cynthea,climpertz1u@xrea.com
85c54665-e79b-4f9e-816a-8a37b0978858,Granville,ghutchens1v@businesswire.com
cf947b9e-cd8e-4919-a67e-29d3c5c716f9,Anett,abreakwell1w@fc2.com
8047498a-c849-451b-91d9-fd8d8100eedf,Fancy,fhancox1x@yandex.ru
7806a67d-d080-4185-a79f-c0ae0c8d7ce3,Jarrod,jridgedell1y@homestead.com
3cd70f04-9c99-478f-9530-c3cc1f3068ba,Cherey,cantonovic1z@cargocollective.com
d8c21ff1-3cde-445c-b31d-e7ca64525a78,Milly,mruncieman20@smugmug.com
978def97-a8f1-4a18-b355-cd4e8fee34e6,Ernest,ebassilashvili21@ihg.com
6cddb487-20e1-403e-b72f-b106ec25817a,Briana,bweblin22@dailymail.co.uk
5997eca6-579b-4244-b490-235ddb8c3519,Regine,rstowgill23@va.gov
8eae779a-c859-4131-860d-15ef9d258bf8,Valerye,vrathborne24@sourceforge.net
76dd2378-30ba-4a2c-918c-619729cb7c41,Wilhelmine,wvasyutochkin25@businessweek.com
aeaad5ab-c5bc-4e6d-9984-41c8c34c5029,Dino,drolinson26@washingtonpost.com
706ff25e-a6e2-446b-9622-6952b88923ad,Ramon,rroskell27@fotki.com
614f0559-d319-4284-b559-674b513ed007,Doll,dgrills28@w3.org
18b01ed5-b7e4-4230-837b-9f8faf3739fb,Goldina,goppy29@ft.com
3ca24464-4391-433a-9808-926087841229,King,ktofanelli2a@g.co
98cd17a0-541f-48c8-a4b9-f8c777aab534,Steffane,sdoorey2b@rediff.com
159db9dd-a623-42de-8ef5-e84d7b86f3be,Elna,egartland2c@vistaprint.com
cfe2bae8-fb55-459d-b0cf-f890d071a96c,Pearle,pleeming2d@plala.or.jp
abd0cfce-c398-4efd-9d54-ea27e350afbc,Elmore,epride2e@time.com
cfd3c95a-2328-464e-a51b-01b813c8f274,Alexandros,afuncheon2f@cpanel.net
d9af250a-7cfc-443a-a63a-ab4cea4a1319,Robin,rberndtsson2g@foxnews.com
2b1cac60-a161-49bc-90c9-fb5142654516,Tansy,tdesorts2h@scribd.com
62cbdbd1-ed3f-4d45-bae7-254acc1cd457,Shepard,srickardsson2i@cnbc.com
3ab5f380-9b90-4686-90cb-a0eda179198e,Jemie,jsach2j@example.com
cc54371e-322e-4d52-b45e-453ed1739ed7,Eyde,evereker2k@1und1.de
17caf294-d4fb-4b10-a2a8-c83fbaf8b8d4,Corliss,cscrine2l@wordpress.org
82bd9c0f-e062-4fd5-a576-3fc3febcb547,Carlos,csweetlove2m@hhs.gov
78d58cf3-229b-46df-82ee-f878d316469f,Charity,craccio2n@webnode.com
b943c269-4b7b-4e3c-a938-2fcc0d281219,Buiron,bbraddick2o@plala.or.jp
c52ecaf1-afe9-42f5-9aee-2f8577b6db22,Tiphanie,tattewill2p@ow.ly
d3893193-6496-4e23-855e-9de8b6934bba,Quill,qmctrustie2q@cargocollective.com
cd70ff29-4986-4500-b413-8873eaaf5b9d,Merna,mewells2r@xing.com
6544266a-f4b4-47db-a7a0-efb009eb2cdf,Quint,qmcauliffe2s@omniture.com
716aa8dc-15bc-4d6a-8c10-1818ac5d8f95,Ivan,imathevet2t@who.int
dd9e9199-5da9-48c8-b95b-a23aa51c6a18,Tracie,togley2u@gravatar.com
0ede94ad-ec73-432f-87c3-c617ca75ea9a,Kacie,ghallede30@xing.com
a75c611a-26d9-455c-8c3f-4c10e31c0d94,Sonia,sprovest2w@apache.org
a6109490-423d-4bdd-a61a-bda7f13c73e4,Danya,dfullilove2x@census.gov
b74c1301-2a4d-4118-940c-c3289d01a289,Averil,aweth2y@yahoo.co.jp
8c7fbc53-b0b6-40d3-9f4d-a41afe4b24e9,Stepha,sscarce2z@webnode.com
23214176-e875-42c9-acdd-4bd57d33a2d4,Gwendolyn,ghallede30@xing.com
9fbc3412-f0ba-448a-8b83-9d4be5ff0886,Craggy,crodge31@slashdot.org
db746782-dfa0-4f7c-ac49-35e6c0aa0baa,Veda,vtyndall32@netscape.com
28efce43-69aa-4351-a8c4-c6f3aa6bec85,Rozelle,rivashin33@jimdo.com
f7e0a400-7c94-4895-8b67-98bf70c2476f,Waldo,wcoughtrey34@home.pl
de98e4aa-709d-4dd0-bf0e-8e1fb4eff5f0,Nalani,nfaier35@xinhuanet.com
eb4ed10a-f2e7-431a-8091-bdce6d68da84,Nevile,nbezley36@parallels.com
afd6a446-a245-4648-9287-84cde4b80524,Lana,lallnatt37@wiley.com
01f5f70f-36f1-49c4-ba98-9d2bc25360cf,Guglielma,gible38@technorati.com
9da24f68-e76a-4e21-9085-fffd948b2934,Briggs,bcopins39@weibo.com
2b1104a7-378c-4b8d-b54e-0634b020970a,Alanna,aslatford3a@sbwire.com
7fbd45f1-7757-4b8d-9321-2ed8d881494e,Buiron,bcoo3b@wordpress.com
5602f75b-b79d-478c-a7e7-bb7a20eb322d,Eba,enorvell3c@va.gov
b40dee61-7ad5-4ade-8d3c-456007ddbd30,Britt,bstringer3d@chicagotribune.com
86764f0d-2c99-488b-9643-3f177f6cebd4,Ilyse,ipays3e@aol.com
b21324be-76ff-46ac-b9b1-96b7b2d70d85,Brenda,bboles3f@myspace.com
0b8705d7-ed79-444b-bc39-9bf66ec474cd,Lezley,ltitmus3g@behance.net
c1fd37be-a108-48ad-8598-35d4e4e549b5,Judie,jtruscott3h@list-manage.com
46626a10-3d0c-4bef-b495-363b537e9219,Dieter,dgalbraith3i@guardian.co.uk
88bf44bd-2e75-42f0-812b-4df1acdab879,Irina,ifearfull3j@sun.com
8e3df0f0-3bf8-4429-a604-cee2f3e96019,Gray,gmuskett3k@cnn.com
c7f7d777-3582-4491-8295-4fee03aaac79,Cyndia,cgarrad3l@woothemes.com
27689ff1-ba14-4f7a-8256-7df593c341e6,Bibbie,blinbohm3m@gizmodo.com
6b7a58fd-5792-421d-bdc3-adc64d857490,Madelene,msalkeld3n@europa.eu
e0de6227-b3a7-4c3a-9518-857ca12c221c,Orella,odrysdall3o@utexas.edu
615497ee-2d2e-47ee-83d8-7000ea0f49e7,Freddie,fseeger3p@clickbank.net
d22ee14c-cda3-400f-a6d6-4e9084670de0,Lizzy,lwinser3q@amazon.com
ea0bea7a-67ca-43f9-ad36-e1877c25da9d,Annabelle,aoventon3r@dedecms.com
106d458c-b58e-4a42-bdac-25d51c0777bd,Gussi,grochford3s@slideshare.net
c5939fd6-3268-4a50-a202-e9d09711418b,Ag,ajoerning3t@barnesandnoble.com
1e215ffc-d78c-4a73-a0e6-0b7e20e683dc,Naoma,nkunze3u@imdb.com
9d5f91b3-a3cf-4201-9e46-9d11e824be6d,Celene,ctoderi3v@nifty.com
621c3a32-0269-4c74-99c8-363ef74bbac8,Stanwood,swintle3w@wired.com
6cb84aad-53c9-4b1e-b645-90e5afa493ce,Verney,vdjurdjevic3x@comcast.net
564866db-fceb-4cc6-a4ef-a7691c6efe0a,Dory,dgibbeson3y@spiegel.de
7cc2c62a-7740-464c-879d-dbcdc40f24ed,Dottie,dhenkens3z@google.ca
5f0604b2-f7b2-4f0d-836f-24667b3f92e0,Gertrude,grobertis40@deviantart.com
57a37045-64ca-4d46-8431-535a7efacf23,Cello,crenahan41@xrea.com
6699a56d-1619-4053-98be-591e9ee80a85,Gun,gharcarse42@independent.co.uk
923da952-5b0c-487e-ac76-8e2ea0701a82,Thane,tmadill43@addthis.com
6da0ad2a-cf4f-414e-bc5c-0de3d8e19f2c,Dunc,dbasindale44@people.com.cn
88f011fe-1639-4654-9ff4-9bad6e006e78,Immanuel,iwatt45@marriott.com
5a257ebf-baee-4fe0-b74a-64347df6027c,Bondon,bdurden46@barnesandnoble.com
3720978b-a677-4040-a135-c35ff81697dc,Alec,alefeaver47@tiny.cc
853a1e27-a924-4a46-8cef-31bcd42aab78,Pearce,pbranchflower48@amazon.co.uk
5a4b3896-ffea-48d5-b718-23b058d20d6f,Gerladina,gmcguiney49@google.de
aefe4ab0-ed8a-43d9-8f79-9d722c409cc8,Dov,dcoram4a@mit.edu
d6553b2b-6229-48d5-b14b-e1104c260b85,Flinn,fbabbe4b@npr.org
82ea7e96-2d33-4cf1-8e09-c2b261b9fcf0,Crista,cmazzei4c@businessweek.com
175392c4-b5b5-4e97-adb5-83a50c2f45be,Honor,hkeeltagh4d@earthlink.net
f1f74bfa-a8f0-4633-89d2-b2f027e3da11,Julia,jbernini4e@prlog.org
7b8c6b50-ff3d-429e-aa0b-f1ed43ab113f,Gianna,gmiddiff4f@taobao.com
88a2598d-6667-408f-a9d8-3f9212c53000,Bronson,bklaus4g@slashdot.org
c989d9fa-6249-4848-bc1f-426e72532535,Keely,kmcadam4h@oaic.gov.au
35634fab-5df9-47cc-840e-e5c859ee3f1c,Blondy,bguidetti4i@walmart.com
cac9f5bd-28c5-4056-925f-4b9420759188,Orv,oplevin4j@tinypic.com
1289ac4b-7301-4fe1-aab2-fe8445011d8c,Gregory,gwigan4k@studiopress.com
d7e5eea1-b82b-4a9e-9814-c7b57fbc60db,Sherry,salyukin4l@mayoclinic.com
6727c49a-b1e6-415b-b4ea-714e6a8ff90e,Chevalier,cgoodbur4m@nyu.edu
65bd7133-5185-4996-b1cb-b5b535823f6e,Marina,mtrigwell4n@furl.net
d2f06d34-6df2-4131-aed4-6023aa57ddd0,Marlie,mpriditt4o@google.pl
7a578bb7-3928-43fc-af83-b53416cf1165,Dorothea,dcrassweller4p@163.com
80f3602e-d620-41ee-8fc2-1e72f6a3a9bc,Launce,lcerie4q@aboutads.info
7d858647-fb46-4fa8-aa11-db976f6d847b,Fitz,fhaxbie4r@cnbc.com
448ab8be-8abf-40be-aebd-ed11d3a89f28,Marshal,mbernardoux4s@phoca.cz
9b356df2-6d62-4cec-8461-9da5ace10763,Stefa,smechan4t@telegraph.co.uk
54e6ba84-664a-4b7c-b51b-bf67282b54f4,Goraud,gizkovici4u@gravatar.com
e7d9b6ef-18f9-41b3-aab3-733d80446e97,Sinclair,scrowder4v@tamu.edu
92464cc9-b84b-4af4-90d4-d563cfa3c723,Carson,cvandendael4w@omniture.com
f45ab053-25bd-4363-8bed-0a1c1d1d6bfd,Alexia,asentinella4x@sciencedirect.com
b373dac0-eab5-471b-98fb-eca8b11f630e,Bron,bpalser4y@yelp.com
c6952091-68ca-46e0-8e63-13bd33f01e6a,Remus,rvernau4z@forbes.com
ace55cae-8f3c-47de-8e36-c1a7c67505b5,Barty,beilers50@ehow.com
70898d30-af36-42fb-bc8e-a68039eeefeb,Jeffrey,jjorgensen51@webmd.com
91a744c0-e081-4db6-8da7-93cc39eac2ae,Shayne,scupitt52@yahoo.com
740dda84-3df9-420b-9353-672444b0fa4a,Victoria,vkimbley53@mayoclinic.com
8be5354b-6cff-4ddf-b066-11457adf5adc,Herold,hmcrobert54@discovery.com
011a7acb-5215-4a84-8df3-8d2fcefaf77f,Dean,dgladding55@networksolutions.com
17c8ece5-9960-4774-92a4-b0f9be1bf39c,Gaston,gpovlsen56@360.cn
262e1366-408d-4382-aad9-cc1669a2baed,Reilly,rhartshorne57@dropbox.com
227f1541-1c68-4406-a356-d5fcdca8dd67,Noll,nmcsperron58@geocities.com
61a85931-7a3f-49cc-ace7-5db4e896805d,Christie,ctampen59@sun.com
f43b9b17-5c9d-430a-8991-8d29cc41c5be,Flem,fwivell5a@virginia.edu
d1ce7437-34bf-4b52-8a28-35ff42a28e73,Mellisent,mkwiek5b@reddit.com
5220a07c-fbfa-4ff6-bb29-55d7178ed271,Terra,tcurman5c@senate.gov
ddf2dc29-f2b0-4c24-9bcd-c109048027b6,Artemis,asalway5d@histats.com
baf8c69a-be46-4f4a-90fb-76b99df51b19,Salomone,sacland5e@usgs.gov
9ad94468-0df8-4706-a12c-a7ce1b7912c3,Caron,cfreckleton5f@so-net.ne.jp
195bd8c8-cb56-4c94-bbdc-3dedb559ac87,Federico,fjeschner5g@weebly.com
c3af7e09-374a-4b26-a4dc-c98e5b52dc7c,Hanson,hplanks5h@gnu.org
279dabcd-5515-4a7e-9a34-43194428e120,Garrot,glicciardo5i@rediff.com
240030aa-773f-4c63-99fe-aaf8e30ff96e,Daniel,dlarraway5j@networksolutions.com
fda90e47-64c8-4661-857e-030d1d176efe,Maureen,mwhanstall5k@github.com
7c4fc72f-1df5-4462-bcb0-61d4dd9ebb8d,Granville,gflello5l@naver.com
d62d889c-6497-406f-ab2d-2fa246aedb1a,Kelcie,kpaquet5m@ifeng.com
696979fc-8448-4632-a8e4-772226bec73b,Cathlene,cdoonican5n@blog.com
26cce71e-0cd5-4126-9537-f5fea3910f1e,Etienne,esouster5o@canalblog.com
789dc568-abd2-4d0e-bfba-d1756cdacb66,Rosabelle,rdurant5p@dailymail.co.uk
6c8c8e5d-5d65-428c-899b-519b60d6f037,Everard,escollick5q@about.com
faffda20-798f-4178-880b-47ea7fa604ae,Revkah,rlewin5r@sfgate.com
2d819673-deba-475d-8fea-90fdb2144f25,Korella,keadington5s@hp.com
5acfcba5-17cb-4216-85b0-076b78302d33,Archie,anend5t@oracle.com
4fe5c3a8-4397-4f40-9914-07f6058996fe,Felicio,fbiagini5u@unblog.fr
4315a039-57f7-4367-be62-58af64bc7826,Dulcy,divatts5v@ow.ly
e33f63be-6240-425e-ba1f-dae605512dcf,Sabra,smaris5w@columbia.edu
84bea2ff-6da9-4763-a9bf-924a0ed7ac3a,Willem,wbitcheno5x@bizjournals.com
1e43d754-14a6-429d-b43e-0fb6a4e9b71b,Jemmy,jfarbrace5y@themeforest.net
abf5d6a8-ca02-4e61-8f76-5f38306a44f2,Inigo,ibenedite5z@trellian.com
3ddf4740-da7d-49cf-8cbb-8af97fe14b0c,Angie,ayorston60@soup.io
eab06c8c-1296-4d84-b7d0-05bc6f11ae14,Koren,kpentecost61@webnode.com
8592719d-d627-4227-b863-63c78666f8f6,Ferne,fvergine62@shareasale.com
3ab22607-c84a-435e-8b63-2e75512b16cc,Patsy,piseton63@mtv.com
44d47d2d-cf5b-4165-80ff-9110b82d3514,Consuelo,cmulroy64@godaddy.com
c85c6bb3-4af8-4ef2-9db9-9e61a23c23d6,Adi,ahecks65@comcast.net
df9c1254-72ed-4472-a9d0-7d4b14a50956,Jaymie,jmarc66@google.pl
c0df956a-e16e-4f32-984c-64fbf2f4c214,Eleanor,ebridgement67@go.com
f5fa8c61-bb18-4c20-8ad3-8ed9bcd3ba9c,Annice,apeto68@prlog.org
534ee264-25b0-421b-bab5-31aa061e648c,Kattie,kdenney69@springer.com
daac66d4-e014-414a-bd90-74d74b5154dc,Melonie,mrubi6a@trellian.com
d46e3d60-bff7-4e15-b42d-4e963344ddcd,Maud,mmagor6b@xinhuanet.com
d74db6fb-ab9f-4542-a3f4-7d6f2fdc8d93,Russ,rthomasson6c@ezinearticles.com
1233832c-822d-47e6-a7c8-7d10d354b90a,Percival,pmcmaster6d@fotki.com
39953d30-7bc3-4a81-b71c-89ff09edfbe3,Ulrika,upedrollo6e@mapquest.com
0db504ba-3250-45af-9fcd-2605aca343bd,Candi,cpaulucci6f@1688.com
90eeadf8-f47a-44d6-b0a7-be6425e641ba,Pepillo,pearnshaw6g@fema.gov
fb3cb875-9df2-4fa2-8066-176c08051f77,Frederico,fgarces6h@upenn.edu
a5881c53-5b60-4825-a077-bff1c6e16c3c,Feliks,fschuchmacher6i@desdev.cn
bf5c91e3-a4bc-4198-86ee-999783e8af01,Polly,psilkstone6j@google.de
e3c69809-175b-499b-bc21-100b156dd03c,Vassili,varnli6k@state.gov
8655ef0c-9f10-4e29-8146-7eb661cfa63b,Tobie,tgolland6l@php.net
f251d7aa-03cb-4810-a479-c71f8985b576,Lindi,lvyvyan6m@hud.gov
95e04a5e-1c35-4945-9aef-d300c8d00110,Marve,mnewton6n@aol.com
4ccbf1b0-ed41-4040-9399-452fe411f986,Leonora,lrolfs6o@mail.ru
2fbe19f2-abf0-4040-b349-515a37c5fa88,Mariana,mwinscom6p@seesaa.net
3d63af1a-bfbe-4ba1-8501-a53e3bae3b37,Amaleta,awinfred6q@mayoclinic.com
873bbc67-ca59-4319-b990-20b48a7208b5,Neely,mmagor6b@xinhuanet.com
d5d0d1a3-1717-47d8-a88e-d3254785d543,Caz,cbrosh6s@wired.com
2d0eaabe-ae7d-44db-a3af-b9b4ca8c6ce8,Midge,mvandalen6t@slideshare.net
831b5f6d-0d6a-4b93-9b94-c45a4b7af0fd,Dusty,dkinzel6u@google.ca
0430af2b-b191-4637-a305-da804e7e2eff,Dena,dritchings6v@java.com
164d5a8f-cf05-4584-a638-a228baf34601,Johannes,jbortolomei6w@slashdot.org
c9180e00-4974-4281-bdc1-38412972472e,Orelie,otomaselli6x@qq.com
40fdb8a4-1d42-4ded-95fb-357c2d88473d,Morley,mdurnin6y@pinterest.com
c95d3183-7fb1-49d8-ada8-dc456be813a9,Madlin,mthorburn6z@liveinternet.ru
0637152f-94a0-4259-96fd-733e7a5a05c9,Nicolette,ndaveridge70@bbb.org
03257cb3-cca3-4ea1-b893-647da8038b9f,Carlee,cknock71@sogou.com
717960b6-1a07-4b1c-a76b-5ad61e2b4874,Brion,bblakebrough72@issuu.com
ff4a2d05-648b-4289-b28b-01355f8858e3,Martino,mlescop73@plala.or.jp
c1f0af7d-eb5c-44d4-b349-8fa381506d2a,Tiphanie,tmirralls74@ning.com
217d5776-a822-4f6c-b9d6-9717b577af28,Wyatt,myanele7c@aboutads.info
4480cfdb-f339-4a5b-a16c-a708a4fd634a,Dody,myanele7c@aboutads.info
09ee8699-64e7-4dab-a20f-3415d0576cd2,Mannie,mcosins77@jiathis.com
2201248e-7502-466b-98c0-855ed9ccac69,Tucky,tstirman78@booking.com
3149e079-67b8-4925-9b14-13bf419f541b,Leon,loflaherty79@wufoo.com
89f3895b-464d-4c90-8da2-3e1ea73af748,Laverna,lmateos7a@baidu.com
17f12149-77fc-4803-9209-2424aaa59e45,Shurlock,sinsall7b@rediff.com
3e8c673f-5b08-4300-b278-70ef02a222eb,Mackenzie,myanele7c@aboutads.info
77d0deee-71e0-4eb6-950c-1ccacdced628,Suellen,slockhart7d@hatena.ne.jp
6bc41210-5849-4ba0-91bf-df3e2a8c3d7a,Roland,rschaffel7e@shop-pro.jp
c388edb5-d99b-497b-9134-8d39a4c9e231,Araldo,aroselli7f@japanpost.jp
c6490fe1-4343-461d-99b7-d226ee4f648b,Brennen,bnemchinov7g@tripadvisor.com
0216aac2-3631-4b94-a47a-d66515ef2644,Kylie,kpobjoy7h@mozilla.org
24e01fe7-0c15-4f36-b151-bae33b408568,Karina,kcuff7i@twitpic.com
e00702bc-a89c-476c-93a0-9e33a982548e,Barbette,bguilleton7j@devhub.com
be322401-9b3f-49a7-9783-3d554463ffde,Seumas,sbexon7k@netlog.com
56c48635-9391-497d-bc7d-110ca3ca508e,Winston,whopkins7l@blinklist.com
4924d4cc-6f05-4045-abd9-5e3996d25097,Jacquetta,jfeldbau7m@facebook.com
db4c3dc4-ed4e-4fc8-8a52-76d62ad14dee,Rebekah,rshave7n@howstuffworks.com
ab8c83b1-08d6-47fc-81c5-d69d5d82f404,Bendick,bcubbino7o@uol.com.br
cf49c010-ef4c-4eca-800e-1ad0a26a659d,Kerri,kdines7p@japanpost.jp
eecb9f91-8b5e-4b5f-8f38-f3d47bec9f86,Mela,mbrugger7q@opera.com
ecc4bb32-10fd-4cf4-a9d3-e1ba719e8bb4,Alisha,atremelling7r@topsy.com
70bc4f8d-499e-44c9-b912-20c0adb30a17,Keslie,kpenddreth7s@w3.org
cd03fb6a-8eb0-4e04-8c12-1287cf045c39,Rina,rbackshell7t@ehow.com
6f0f3620-12e4-4230-946e-0f19c3702591,Mora,mhannabus7u@purevolume.com
b23ec157-82b1-44ad-a2da-3847b4b8bf46,Bruis,butting7v@discovery.com
9d59177f-4797-4ac4-81cd-21c77c272172,Sharleen,ssissel7w@wiley.com
c7ddd1e7-468f-4594-8879-9bed629ce337,Randolf,rtrain7x@clickbank.net
8be65001-336f-4cc1-b199-2755f6cb781f,Henrik,hodell7y@friendfeed.com
0ba515df-1f2f-418b-8626-c794026b6e41,Ernst,enorthcliffe7z@businessweek.com
1e63c823-0b6c-46f5-afc4-b4cf24823398,Sari,scanellas80@simplemachines.org
c1cc1480-f25a-4f6d-b0ce-46f598d580d6,Fielding,fdemange81@rediff.com
33e5d73f-9b5c-41fb-a295-dabdd604415f,Simona,sberrington82@europa.eu
0a415cff-11f8-4957-827a-020c4f86f57a,Locke,lshallo83@washingtonpost.com
77c26878-61cf-4b3a-943f-f6fa8dd2d3c4,Peggi,phartness84@answers.com
a9766da5-d320-4727-b702-7738dea0fb83,Catlee,cmcgeaney85@google.com.hk
6f291770-20f2-45b3-8487-4fabdae37c28,Claudianus,caloway86@mapquest.com
f8f087f3-a2c1-4ad3-b255-d93450b78fa5,Paola,pedbrooke87@behance.net
cefa1944-1df8-4a81-94b7-4cee7aaba1c4,Jenine,jpesticcio88@canalblog.com
da420cc2-512f-404b-8670-8d5517adc17f,Trstram,tavesque89@elegantthemes.com
6bb9a7c2-4ff9-401e-9489-feb0fcaad9dc,Beverley,bmalpass8a@xinhuanet.com
dae41b86-e455-4a9a-ad80-00639654974d,Honey,hwhorlow8b@nyu.edu
f6ccb0d2-e20f-47a7-8fd5-5d7798d163e6,Oliviero,oshipton8c@miibeian.gov.cn
f3392c16-7c8c-4163-a45c-40fe06e411e9,Chrissy,ccarde8d@house.gov
208a69ca-da6f-4766-b36a-40abf01117c0,Libbi,lpuleque8e@github.com
d4d26732-d627-401b-a8e5-ba07782cac77,Johnnie,jsarginson8f@ucoz.com
9dd80fce-ae27-4968-863b-0581cbcce002,Horst,hreddell8g@ebay.co.uk
e72bf8b5-741f-466a-9340-daf89ee2e90d,Gus,gbartolacci8h@businessinsider.com
2be86a8e-34de-4794-a345-3190b6d1e377,Nance,nhussell8i@canalblog.com
9f616a26-24ec-4a59-8e7b-c29a79716ecc,Peadar,plinstead8j@tuttocitta.it
38ae157d-581c-4cc3-aced-af5f694eaaa7,Sanson,sgateshill8k@biblegateway.com
80d3a532-01c0-4d19-80fc-f064f6171260,Tamarra,tbranson8l@paypal.com
48aa4b80-4199-40ef-baeb-13ae6792816a,Selle,sgobeau8m@techcrunch.com
e7b3c2b9-1d13-473d-8ce1-f0f33e50a598,Gibb,gkleynermans8n@homestead.com
380809ca-db79-4bdd-9bb9-5dd16d042b78,Nolly,nharkus8o@deliciousdays.com
6eca2b6b-8001-42c6-baf5-eca195ed7088,Kirbie,ksheryne8p@mapquest.com
16bcd2e3-2643-4630-983d-af76ba6b15e2,Kristina,khandyside8q@desdev.cn
216dd91c-694b-4b96-8393-edff2d21a52d,Phyllida,pfawlo8r@ihg.com
73ac0f89-e0c0-4544-bad9-e99b7ad5d870,Benedicta,bbernardt8s@networkadvertising.org
b634228a-182c-4874-bdc2-5e6786f841f7,Pebrook,pburland8t@miibeian.gov.cn
a74da247-fcee-4311-9056-322015a5e6b8,Avrit,acrichton8u@nymag.com
d1dd622d-002d-4e1c-8c55-e71d91990b2d,Charlie,cpurrier8v@noaa.gov
cf13084a-386d-499d-9637-6d923359dc4e,Dredi,dklaiser8w@washington.edu
402e05c6-8697-4aab-b5b4-492c9db01fd9,Felizio,ftrank8x@tripadvisor.com
e564f36f-a950-4397-9797-b86bda49a217,Bria,bgeikie8y@sbwire.com
8ff371bb-5ad6-4ff7-94b8-6de7e0b31c74,Ki,kklaessen8z@opensource.org
55882a9f-e127-4abc-8669-9cd7ab218582,Verene,vbarker90@simplemachines.org
4030488d-723d-4029-8ddd-58c18320ed32,Lucius,lkesper91@msn.com
b3e50f35-c1f7-4743-bc80-ca881ecd1cc9,Olly,ogerrets92@baidu.com
5e7eed01-8b99-4d4a-a745-d52b7c9033fe,Rick,rantognetti93@list-manage.com
7ac3535a-0434-4c25-b025-63154edbcc6f,Emmeline,epaddeley94@chron.com
f630584c-70ec-46cc-8f6c-e4bdf7479528,Hedvige,hanelay95@51.la
067cdc1b-9c32-436d-be1e-0bc5b31113f1,Webster,wkynge96@patch.com
988ad54e-e179-4004-8982-bdba59603e69,Kimberli,kmorrad97@fotki.com
2172083b-b7cd-4455-a706-5b1d7cfee2b8,Phoebe,portell98@prlog.org
bcd4c6ef-7754-4303-bba6-4ad7af7b1925,Orsola,oruffler99@java.com
95bf6aa6-f848-4196-93ec-c7c620e95d40,Corenda,cgilphillan9a@tripod.com
4a41337d-17b7-4d13-acb5-664183c4984f,Michaeline,mkardosstowe9b@sfgate.com
3aa70986-9fa2-4af4-9a13-45ed2d4c4334,Shanie,ssilverston9c@blogs.com
b65aa267-f0c2-4fea-9aeb-1fca0ac754f2,Neils,noliffe9d@weebly.com
d26db76b-5a3b-40bd-a90b-b2e74d496364,Wolfie,wosgordby9e@domainmarket.com
1ad46247-22eb-45d0-bdf9-5dabdd8a8177,Binky,bmarielle9f@wiley.com
c0b0f608-c6dc-4c08-b4c5-20ba82447028,Dulce,dstoven9g@state.tx.us
571467ef-69a3-47ca-8ac9-7be0528a1828,Noble,ndigiacomo9h@people.com.cn
0b3588c9-5401-4ee2-9d9c-b4d71dcf91cb,Hort,hdeinhard9i@tuttocitta.it
959f3820-cfbf-4bb0-9c54-7def9a922712,Dominik,ddrewe9j@dyndns.org
0236cda0-5b4a-403a-85f1-132cd95bdd74,Iorgo,inote9k@hp.com
82f929eb-b2c7-4718-9794-aef711368eab,Ozzy,omuckloe9l@cbsnews.com
21813774-adb1-46a2-8a26-ff9da7b60edf,Worthington,wmerioth9m@nymag.com
550d7265-633d-4a28-aa0c-95e2894405ec,Mariann,mroyl9n@timesonline.co.uk
5303ad46-5b6b-43e5-ac74-14cb1e487010,Donalt,dbassick9o@gov.uk
b509e510-fa20-4eec-b4ae-a11b4e01bce0,Wanda,wsawley9p@nasa.gov
eedadc3f-3f65-4c7f-8da2-41ae4cbdaa1f,Justino,jpullinger9q@ft.com
c9cb4f80-f87a-4c2a-a39a-d89bddf6bffe,Frazer,fbianco9r@psu.edu
34b16afd-e58f-49b2-83c2-10cfb2b43d4d,Jasun,jgodley9s@ovh.net
307ed237-db29-463a-b551-bee9deaf7531,Gabriel,gpenniell9t@nbcnews.com
53228dd6-0e72-45e0-b938-5f2b85e1af37,Hall,hruecastle9u@nbcnews.com
440f4c52-e633-4571-bcdd-5f455f12e8db,Sawyere,sabrahamian9v@sourceforge.net
d6f942ec-7568-4b43-afb3-80e2db7e1ccd,Hartley,haxelbey9w@youtu.be
3b10fbc8-af3d-47b4-8439-f3bf55225ea0,Orlando,ofearns9x@washingtonpost.com
4d0f74d4-5e57-415c-9ea8-c51810690f74,Bobine,bmaccaughan9y@4shared.com
152c644d-87ee-4d1c-a567-bf84757ad3d8,Lucille,lricarde9z@uiuc.edu
0c095701-2bca-4c97-a8b1-83cfa34d5285,Levin,lvlasyeva0@dot.gov
047b1762-a281-4dfd-87a1-ed74ef263793,Beitris,bwolfendalea1@discuz.net
c2464673-7f34-47ff-9f23-61a1971c6fe3,Wenonah,whammersleya2@wikispaces.com
024e260e-2367-45f9-bb13-908693db2aa2,Dewie,dsaffera3@state.tx.us
58a1c7b1-a16c-4db4-a823-933cb0609398,Devinne,pdoretgz@artisteer.com
ad997ee2-ea40-41b4-993f-ea77c92483bb,Marice,pdoretgz@artisteer.com
0cca5f33-0512-45a3-ad31-1a174b86aa1b,Jacquelyn,pdoretgz@artisteer.com
600532e7-cd4c-4a10-b5dd-d22e7f8552d7,Alva,afurphya7@ask.com
609c651a-778a-4425-975f-36959464bbee,Carmela,csymmsa8@tinyurl.com
e7d18737-eecb-47a4-b63a-a3f603457376,Torie,tstalfa9@cafepress.com
f8639709-8b12-43f8-9e38-93f58a222b14,Camila,cciobutaruaa@fc2.com
7c7f3d8b-7875-4af7-b518-84d55fed15fe,Gale,gyewmanab@ifeng.com
aab289c5-03d1-4a20-8493-519578c09e16,Eba,edooleac@shinystat.com
db081d19-a5da-46c5-8b7c-345250b91f13,Jammal,jgoldsonad@opera.com
7a3ca903-29a5-4138-8b55-c7df53c31068,Chaunce,cdalbeyae@xrea.com
030e2e70-3f44-4512-bfba-6da1e28170b5,Townsend,tshovlaraf@ehow.com
9e44beef-d2f7-44f4-9ba0-fd2eb63337ac,Zachery,zghiriardelliag@ezinearticles.com
ef971f2c-05c3-4da7-9314-1a5d89a57c44,Germana,mmagor6b@xinhuanet.com
deb13203-fa2a-4f03-a62d-6df0ff05014a,Sib,scurrieai@bloglovin.com
2eea933d-ddd2-46a9-9229-d1d2d6a497ea,Obidiah,omclayaj@amazonaws.com
6a8f071a-2e4f-41ee-b757-8bc0f67cbde1,Vin,vdixceyak@meetup.com
c48c7b22-2ab1-4732-b291-9cf54bf30935,Ase,acroanal@miitbeian.gov.cn
91a48ec1-b77a-43c9-8ca1-87b628e4b200,Roda,rbrimhamam@imageshack.us
d0670a5e-2bcd-4f0b-907f-381ad39e85a1,Audry,atarquinioan@walmart.com
03275ee6-a110-4da2-8448-d5a97264f14b,Marilin,mdumberellao@wsj.com
a185982a-a8ee-4d1d-8ce6-68c1f606f63a,Ely,elinderap@hugedomains.com
fbc33620-430b-4737-8a39-01765b6f6d61,Otho,obanvilleaq@biglobe.ne.jp
003eb738-cbe4-4c25-9bd5-ae3b2866437c,Cobb,csmithar@stumbleupon.com
ef202ae9-b1c4-4c1b-96e3-eeb536105615,Sibylla,sstirlingas@usnews.com
83fd7954-1339-470a-a8d3-1a9dfd484498,Bevon,bjanicat@google.com
8987cd29-8a22-4094-b36e-add6da2761b7,Alys,asolesau@freewebs.com
f1b0b6e4-4ba3-4281-9187-af1dfccc0312,Anitra,aadkinav@ehow.com
4a0024f9-8297-442f-911d-b8bfe3c60780,Ludvig,lredleraw@unicef.org
6102f967-e4d4-44dd-8c89-18820aed350c,Michelle,mmckellenax@slideshare.net
b54e17b2-fe3f-4c89-b219-34620a4681d3,Dorelle,dfibbittsay@baidu.com
9628251c-d370-41fe-9cf5-20f41ce0f7cb,Bibi,bcrowteraz@huffingtonpost.com
82a1fb10-7f38-403c-9bb9-135f7c0334ab,Pamella,psyddieb0@geocities.jp
25f72785-9851-4e3f-8dad-e2f663beba29,Candi,cszymaniakb1@1688.com
609009cf-43a5-43c7-b61a-a8948a37350d,Elmira,egreiswoodb2@zdnet.com
3c15cee5-e8c3-4b1c-aa1f-9f222388cc40,Chaunce,ccunniamb3@weather.com
a0a0b79b-809e-49b0-9668-9da6c03514eb,Jerry,jwickershamb4@weebly.com
b94d4ad0-37be-4e09-bc74-9fab2dc83e7f,Levon,lhileyb5@geocities.com
f6b4b5a5-0c05-4c03-997f-22e36882f631,Agustin,awhittlesb6@mashable.com
3556e1d9-495c-4e50-9095-2c3cebd48208,Bogey,bjockleb7@list-manage.com
2c5ad723-7a32-45bd-add1-a8c2b01cadcb,Eula,ehammanb8@chicagotribune.com
2335a9c7-a783-4191-8603-fa4dc32d2ee9,Allie,aodayb9@sohu.com
3ecf771d-d2b1-4d15-8604-bfa1facb538a,Rancell,rgallantba@sina.com.cn
256b9c4e-9bed-46c3-bf43-42236b404897,Cordi,cdoneganbb@ibm.com
5c0b5702-76b6-4dc0-af06-94dd0266fea0,Robina,rashpitalbc@sina.com.cn
c8b65d75-727f-4806-b417-24e1a6871e04,Linnell,lhonackbd@scribd.com
7ed28631-e780-4483-ae96-c8772b2c1936,Leonardo,lcamierbe@moonfruit.com
ff47146f-3ec3-4f4b-88c3-9724427793ed,Selena,skuzemkabf@topsy.com
3c7c077b-008b-44b7-abd6-df6da2d0d663,Viviana,vpudseybg@msn.com
5aed2a82-1adb-4a30-9fdb-c974ee5b6547,Lovell,lboddisbh@reddit.com
7b1fd6f4-e6dd-4566-9884-81af0dba3b47,Korey,krowlettbi@google.fr
b80b0c29-78fc-4d7a-a953-b126c1cb1d2f,Karlie,kthainebj@merriam-webster.com
1337810a-9be4-482d-8e6b-0018cebfce29,Averil,alambersenbk@stumbleupon.com
fcda366f-b14d-41d7-9ccd-cec0ca1d56ea,Shea,svanderkruisbl@who.int
99cad989-f8eb-4978-a54e-62512b5e0d50,Nicol,nparadisebm@ustream.tv
b7751f2f-716b-45a0-8753-49c367aa7b5c,Nona,nsinclairbn@ning.com
68ba70b1-6289-4f75-b973-4bf1a491eb86,Tabatha,titzkovwichbo@opensource.org
0ae47129-c968-44db-a17d-e3724f81ba5d,Conant,cneatebp@bing.com
4ae55ed7-b351-43a3-bd31-dbd22c89a361,Kevyn,kramstedbq@ox.ac.uk
e1147fe9-6c1c-43e6-9fd8-7460c267d3c8,Dorie,dgarnbr@go.com
fbc1d07e-bb1a-48c7-9674-a8cb1dcedd8e,Toinette,tburchattbs@sogou.com
3345378a-1c09-4950-8426-f6b07032f718,Iolanthe,ibaintonbt@boston.com
73203891-b9fb-46ef-ba65-0be7456fd780,Georgianne,gbuskebu@admin.ch
d617be3d-efe6-48d0-b588-7dd00067dcfc,Lavina,leastbybv@discovery.com
cd7d3fd0-ad22-4cba-81fc-1c5ef6a17851,Ricky,radinbw@columbia.edu
f6960140-f921-44f1-a719-7961a83f8438,Cora,cmccrainorbx@kickstarter.com
9d00a7df-40bb-4334-b823-ad60a53b14f1,Linzy,ldeverauxby@irs.gov
ddae826f-a7bc-4728-b563-a7ac8e7d62f4,Dennet,ddavidovskybz@google.ru
a14992ad-a0c4-4096-8441-8234c8e504fb,Tresa,trubartellic0@google.de
970d9af3-55f8-4fd0-9514-ca620dfed59e,Sayer,sdultonc1@washingtonpost.com
07766b16-cae1-491f-82ae-4304a20549ab,Tome,tspeerec2@soundcloud.com
4e4c098c-ca50-4e61-b89a-248fe6857445,Derwin,dseawrightc3@github.com
9dad319f-943a-4725-a667-51e54362b64c,Camala,cbuckeridgec4@wordpress.org
f71104ad-b5c6-49bd-8f13-43ad0c6b69e6,Jasper,jmummeryc5@delicious.com
1dd283fc-406f-4f35-ad81-d34b7e52eee3,Angelita,ariccardinic6@utexas.edu
b763044d-f21f-4d60-abea-1c88424a97b9,Pryce,pflegc7@bandcamp.com
2996a1b7-ac2e-4126-89ab-be04ad45aab2,Norri,nallmanc8@hibu.com
f601dcab-6e48-4509-a000-14190ed283b2,Sharyl,sduigenanc9@latimes.com
3766b8ba-9b96-42fd-9b2f-4ad31b353f54,Filberte,fofenca@artisteer.com
e9365cd8-2e4e-4aff-bb59-97181b867b6b,Emmett,ethackhamcb@spotify.com
0db86d53-2b5e-40d5-b7ad-f733780e91c9,Angeline,awinstanleycc@jigsy.com
f6e93652-a4c6-410d-890c-45b1f6fc2590,Wandis,wasburycd@reverbnation.com
f735b0d2-309f-459b-adb2-32101f862dd4,Shelly,sarnleyce@tuttocitta.it
b377fd90-6d7e-49ca-a8b8-1642a3cd6c9d,Joseito,jromanincf@nbcnews.com
99fad352-614b-4b27-b3bb-1ddbd0108f89,Angus,aarpecg@scientificamerican.com
778e5b29-515b-4b1d-b1cf-f7a8631802ce,Lucille,lhellyarch@jigsy.com
2466251c-07fa-4b89-b478-3bd68c2e6edd,Judi,jfeldmusci@mashable.com
889b85d0-adba-43db-bd3e-e56d207482fc,Pammie,pubsdellcj@hao123.com
da01ecb0-6740-4010-b8d4-b894ccaee503,Leonore,ldealyck@printfriendly.com
2e246723-de34-4499-a0d7-bfa38c00e3a9,Maxy,mlandycl@elegantthemes.com
21e6a7fb-5281-4e4e-9a5e-e79380952f42,Rica,rgundacm@wisc.edu
ee93d3fa-dfd8-43da-9363-6d2e4fb16f53,Chip,ctremblecn@discuz.net
42048fd7-7c47-4abe-b474-738dd17be7b8,Solomon,sfellmanco@fastcompany.com
452d3bf4-d3b9-4ce8-a7ab-8d1b9daf3952,Durand,ddunnetcp@foxnews.com
da5b5021-8986-4043-8fd1-73ddf70bc2b7,Paige,pcrossgrovecq@msu.edu
d3995a46-e9e1-4654-8318-50ae7d5beb56,Kelby,khuxhamcr@forbes.com
efe581de-d3a1-4dc8-979d-c645b264e548,Jacquette,jmawfordcs@tinypic.com
e5e9877a-7fa4-4a65-8d64-073ee1bb6dd9,Morty,mgobbettct@discuz.net
ecfe3d71-c3b1-4478-8124-d8d3ff67eb98,Hildegarde,hwanleycu@reddit.com
5a4e0a2f-efeb-4c8e-8fea-de887d989815,Deane,dlampertcv@theglobeandmail.com
cc78282e-c25a-4603-84a3-29388dfdc5ce,Valene,vdegregariocw@meetup.com
9a0e840b-fa0c-40f1-918d-008b34ba98aa,Bert,bstapforthcx@smh.com.au
8741fd47-f097-4288-86f2-5140fa762c12,Aryn,abendlecy@cafepress.com
dfa81c4c-4684-4659-b3a2-7e5d00ff5ae2,Jess,jbriggecz@wikispaces.com
a9f3b0fe-d94f-438e-90b1-66ff660a907c,Enrichetta,ealdridged0@adobe.com
0054a64d-f425-4fe0-b460-014e364f72b5,Obadiah,oroelvinkd1@eepurl.com
25426a66-2c99-4b5c-92eb-1d0254ce6788,Gusta,gguitted2@soundcloud.com
61cb8ec9-f8e0-4d48-a3ac-acacb36cce7d,Tedda,tblackneyd3@facebook.com
e78231c3-724d-470f-9799-5e0af73d2588,Aldwin,afransonid4@kickstarter.com
374e143d-f9eb-4063-a3aa-1a58ccdf0e69,Sapphira,ssibbed5@miibeian.gov.cn
ca779360-0320-4165-82c3-e84b248bfdf0,Murray,mcayled6@amazonaws.com
877eb701-ea22-424e-8936-9436b070c502,Lyndsie,lmattevid7@github.io
7632fdec-838c-4deb-9ba0-465414ffd060,Hailee,hfieldgated8@nymag.com
b0946a5d-4e8c-412a-acff-35e586df7865,Lulita,lmoodied9@jimdo.com
2f4c783d-63ea-4ad5-b9dc-f34492ba4f25,Dominique,dcrosskellda@usa.gov
ad050ccb-ce59-412b-8116-ea2a54b37d64,Elfreda,estegelldb@rakuten.co.jp
a38c9e9d-ca31-4784-93ad-24398328a38a,Licha,lmcnirlandc@ustream.tv
6b2ffcbb-ed7c-4e61-bf9f-57b6850e3a53,Eddie,esloleydd@netscape.com
abbb75c3-de92-49e8-be90-a9ea52b92495,Winny,wspaxmande@si.edu
3160edf7-8218-43a9-8452-f190e8f43532,Maud,mlegerwooddf@soup.io
8eeea544-ad6b-4ca1-aec3-86cab6b23eef,Gunther,gdawsondg@seesaa.net
23a69e89-4ff5-4ffa-aa22-9feae159e31b,Egor,esheridandh@nps.gov
ca27fff7-f253-4b73-8bdf-12be6e4311f7,Vic,vroysedi@cam.ac.uk
05732019-ea32-4177-9c80-7869ece54532,Cello,cwillgressdj@hp.com
e3e68c87-4fc4-433c-ba2c-a40a1b5d504a,Clare,cjerramdk@hud.gov
daa09822-e777-4aa6-ae7c-f4ce97f2cff2,Xenia,xcribbindl@studiopress.com
6bcd8d04-8c74-4231-879a-17c54701ebd1,Reinhard,relveydm@businesswire.com
46116367-e614-4f0e-b3dc-7b84c3250aaf,Aileen,ahamperdn@slashdot.org
6823a4f6-e4cb-4589-a356-3bf6b0df840a,Sharla,sseagedo@comsenz.com
dc2c5caa-55b6-4865-9739-c842fa3c4adf,Vivyan,vskelhornedp@blogger.com
5b899794-896b-47d6-8477-80a1743c4ac3,Rodina,rwinesdq@cocolog-nifty.com
e5112a96-acff-4703-9d3b-e219cc2cf224,Brant,bruzickadr@slideshare.net
54e1afdb-f477-4b9e-9c41-e3fa7bd71869,Alana,adaguannods@squidoo.com
dd36e787-35ff-41dd-b520-dcd2a217b1cc,Lanni,lagottdt@google.com.br
2f060a7f-a1d7-4784-ab4f-ad4382aac797,Christophorus,pdoretgz@artisteer.com
240b5ecf-ecdd-4f60-bb82-95493f658334,Piper,pscougaldv@bloglines.com
e74b014f-c779-455a-b936-716f8dc139bf,Cordell,ccasinedw@trellian.com
d174cdbd-430c-40ab-b5ee-ff7af1ab9380,Bonnie,bpearchdx@technorati.com
bd4b92ca-f065-4d60-81a5-317bc731de07,Amye,aogelbedy@istockphoto.com
a77b4f9a-d464-4d3f-9b80-27562799013e,Norean,ndemichettidz@macromedia.com
a46f0bfd-76a7-48b1-bd5a-ea7152b7a272,Sheffy,sgirardete0@lulu.com
4c41bd95-f152-47bd-bbe1-a80f51a39090,Vilhelmina,vkellande1@ftc.gov
0d9f6d84-7276-4660-b44c-8323178703b3,Cart,ccheesee2@businesswire.com
bf4911f6-ad1a-4696-8fab-abf0e1ce12a9,Fedora,fdalye3@engadget.com
06845855-6e32-4782-8ceb-abff6708519c,Hadleigh,hmcturloughe4@merriam-webster.com
da9fb6b1-45e1-4835-9034-7a30db5ba5ee,Kenneth,kkeese5@nhs.uk
83891e21-7c72-4461-8613-fc5ad44cebb5,Milli,moffelle6@friendfeed.com
3e778934-99ae-45ff-bc90-0fdaa463a6e8,Mamie,mflecknoee7@biblegateway.com
915280f9-f5ad-435f-b9fb-428e0152002c,Madelaine,mtochere8@harvard.edu
39cc6fb1-15f3-4849-aca6-d95de15f781b,Johnny,jrushworthe9@dailymail.co.uk
66b9a87b-d95a-4f3e-8312-8bce4d9d2ba3,Aharon,ajeanea@reverbnation.com
60571e62-0ad9-4209-a7a4-87da43f37a8e,Cora,pdoretgz@artisteer.com
430e31ff-f17a-48a4-92ed-774d684cbb97,Orlan,odochartyec@wsj.com
b77643af-4bbb-4994-9053-f7b56335902b,Inglis,inorthened@plala.or.jp
f898556b-e1d2-4de5-8920-1d1269a120da,Bess,bgoldhawkee@homestead.com
971ce122-f700-43ce-9c06-88e7d3e99826,Tiphany,tbarthodef@reuters.com
8a914cd8-0ddf-45d6-a784-43b4b9a760eb,Shay,scastendaeg@artisteer.com
0a8c39d0-59f9-4ab8-b1ef-d8087fa09ea4,Ernestus,ejaoueneh@mozilla.com
e443ee4d-184d-4ef1-9006-8bedb19bde8a,Wyatan,wlambregtsei@reverbnation.com
e8c7f64f-bc42-4f48-b3c8-a6b80bf9a416,Maryanne,mlieej@forbes.com
78b6c402-66ba-4576-8b59-1ea1f49ce70e,Creighton,cdiableek@oracle.com
6d3f35a7-566f-48a3-a574-4123a0f9b173,Goldina,gbevissel@skyrock.com
942254e4-0892-4e91-b6c0-413d3ff90855,Chicky,cstennesem@simplemachines.org
41f396f4-c137-475b-b500-e8c9ee756006,Felipa,fquineyen@house.gov
a61d0d11-2762-4914-bd12-35c65df7fb98,Beverlee,bcapleeo@blogspot.com
98d83b83-8b2c-4962-a4c0-4aade0897a07,Leonelle,lbreretonep@rediff.com
4ec04f27-03da-48f7-9f0a-f175fce884a8,Becka,bvedeneeveq@homestead.com
381a375d-1c86-432d-958e-4ceead221abb,Blinnie,bminigoer@dyndns.org
fd2ab10b-0fcf-4930-bf35-88c5837fdc7a,Alard,asommervillees@yahoo.com
59e9f2fc-2fc6-48ab-864c-19b94322c45c,Taite,tdudnyet@nbcnews.com
5ceb304d-bea0-4413-a74b-9bb3a81d7905,Rikki,rbetteswortheu@wp.com
4af37de2-b946-4d73-bb06-93600e6d150c,Revkah,hbreedeou@theglobeandmail.com
f465bc24-b720-4455-9b0c-25b962e4b28d,Tobit,tstarzakerew@mac.com
1f9a8047-b421-4dbd-bdc7-d55900591476,Clari,ctrokeex@ted.com
40920393-74f5-4019-885a-f3f4f7ea24d9,Scot,smccaigheyey@about.me
e7768651-b6fd-4e1c-8d75-5f589944ec28,Gussy,grobinetez@freewebs.com
0c3dcc52-fe1f-475f-ae58-5e5ecc8d5ff7,Cesaro,cmaccaffertyf0@google.co.uk
7041e50b-438a-464d-aa8a-327bed0ecc28,Kippie,keasbief1@flavors.me
df0b2195-b5ff-4bf8-8157-c2235094d329,Wendy,wguiuf2@weibo.com
8ed5ff6f-a801-479c-9a04-81ed71299de4,Gunilla,gseersf3@upenn.edu
0b6a32d7-fb43-496e-89ad-fef035f1b342,Lannie,lgawthropf4@yellowpages.com
47551b3a-3504-4c63-aaca-43bfe83ec6eb,Sibilla,sattardf5@angelfire.com
61b12939-a3c8-44da-a7c3-0473131c952b,Libby,lalessandruccif6@jugem.jp
3e6ccd60-378c-4c6f-a7ef-455bd04381b2,Orella,obonannof7@latimes.com
7e99835a-c70b-4e03-8af1-6428b7eb3c9c,Ariel,astapelef8@nature.com
9b0dcfba-fadb-443a-ab89-8fb97c0a2536,Staci,sjaquestf9@reuters.com
02cc03dc-00ca-4e6c-8a59-294833b4cdff,Netta,nseelfa@wordpress.com
99e20e00-8518-4bdd-b244-20877cf73b6b,Carlota,cklempsfb@acquirethisname.com
8b6e7732-b759-4709-b47f-0dd82990f58b,Rhetta,rwhatmanfc@cyberchimps.com
9a937c4d-c1e5-49e7-9019-2088ef51ed9e,Phyllis,pdrewettfd@foxnews.com
400c6175-d69f-4b1c-a87f-480acc52f245,Margie,mpallasfe@ezinearticles.com
72209044-5c66-4241-88a8-4be19a5a89a3,Wilden,wmitrikhinff@arstechnica.com
389cb682-5aa3-47d3-814b-2afe6f1db875,Rodolphe,rbrechefg@discovery.com
4f8020b7-5778-4ef7-98e9-b5302d571be5,Cheryl,clutyfh@earthlink.net
c4bd1c63-fe7a-4ac9-9456-a987f96e1d0e,Jesselyn,jdollinfi@webeden.co.uk
0e22d2ca-3ac3-4bdc-bc5d-a5c492d245fd,Toddie,tgavaranfj@addthis.com
78a7d562-35c9-449c-9ba2-99a1c75435d8,Dionne,dlufkinfk@devhub.com
19238fef-dd79-4113-9be0-b4024f8f0f20,Gerianna,gtowsiefl@guardian.co.uk
a1a7f768-45e9-49cb-80c2-a62bafb4b4c7,Florence,fgoakesfm@smh.com.au
852eb8c4-09af-4da0-b44e-afc541bad618,Matias,mmagor6b@xinhuanet.com
c14a0aed-f903-4dd9-b114-0c8c20724561,Mallissa,mavenfo@msu.edu
7f59a319-dace-4a25-b73b-dbfe5e27cd4a,Andris,agenteryfp@purevolume.com
4c8a0c7b-a260-4dd3-aa04-0802361c1060,Scotti,sadamofq@netlog.com
4ffe519f-8b11-4e0e-b89f-d7774131b914,Micah,mhetterichfr@wix.com
56825a37-dfc0-41a5-86c2-1a14c381ede8,Elayne,ebeckenfs@jalbum.net
464ed40c-d43d-474d-afcf-dc27d17888b5,Reuven,roxft@dagondesign.com
3d758202-4fa3-4934-b67b-10e0d2cb6c99,Charmion,cdursleyfu@ocn.ne.jp
d8091809-8cde-4cf5-95a9-fffd7b212e7e,Aylmer,aduffilfv@woothemes.com
fecc1d8d-1fdc-4034-b08c-3d73fb3253e6,Brynne,bweedallfw@creativecommons.org
ec33db44-c6bf-4688-ae94-aa329785e462,Thom,tthewlesfx@discuz.net
62530d0b-1a88-4d13-af4f-e134bcc147f0,Philly,pbackfy@vinaora.com
1997c684-1908-4fcb-b304-c88a1e97d20f,Gwynne,ghaggletonfz@sakura.ne.jp
73b01895-0282-4734-bc6b-b94805f4b3a5,Guthrey,gdanaharg0@usgs.gov
764841e7-00e5-4f69-9360-959837eaff0a,Marlee,mfawksg1@mayoclinic.com
20b5feda-de08-461a-bafb-5306fda303c5,Kimball,ksylettg2@linkedin.com
265e498d-30a9-41b1-beab-69c0a3825e4d,Federico,fcorkerg3@marriott.com
fbf0461b-425f-4cd2-b3f1-f3a400d5a34a,Harland,hwestermang4@harvard.edu
07247c05-5c2e-434b-8685-baa6fa9dd682,Suzi,sgogging5@w3.org
f4facb8d-77e1-4dc7-91aa-5639ad4e2391,Vivyanne,vcolenuttg6@google.com.br
9405a112-8899-4997-a48c-c96ae3331d06,Rosabella,rellinghamg7@ifeng.com
6f1970f3-bf0c-41bc-abf3-6c7431ee1ec0,Giffard,gpreshawg8@businessweek.com
99c6e600-1ffa-499d-9eaf-ec45153630ec,Wildon,wpaysg9@addtoany.com
345a55f1-374a-4a92-9a03-148e098fb55b,Aurlie,agillicega@acquirethisname.com
c9a6d09b-0a48-4f01-bb7b-bf03e17392e2,Fulvia,fcoltongb@engadget.com
83e0d329-aa98-40ce-ae79-11f3f31553c0,Town,tmacgaughygc@ca.gov
cb823037-a0ba-49bc-8938-15d1d7447c5c,Sibel,sfahygd@g.co
54df81b8-cb40-4371-bce1-d1ab36abe7a5,Evangelia,emidsonge@washingtonpost.com
f67d3ca7-4eb0-4985-b958-32cd03652256,Spence,sarentsgf@harvard.edu
9360f853-b176-41a3-adb1-effc6b1806a0,Kathie,kgogginsgg@moonfruit.com
7b4afc59-6e43-4589-abe7-c7fd041c3e13,Maegan,mgosforthgh@amazonaws.com
06f5bb9b-a1f7-46fd-ae0a-54b2ab92ff2c,Auberta,apottlegi@unesco.org
973a4fbf-c253-485d-b49b-322a57eec1f1,Gerrard,gbaldinggj@chronoengine.com
5299305c-f49a-4f67-a193-47069a873521,Ricard,rpaoluccigk@devhub.com
162074bb-ec90-4c31-9e9d-fe3439b78774,Vita,vchampkinsgl@list-manage.com
8f8ddffc-8965-48d2-a046-5c2d31c5546b,Ashely,abrabendergm@admin.ch
5d63540e-8ce8-4f40-8d3f-74c708df6cae,Scott,solkowiczgn@phpbb.com
a8eb5ac4-4691-4847-8b40-d3e0bdb2afe0,Richart,rlukasikgo@independent.co.uk
92d837be-0807-487a-b079-9ea9864e4a6d,Silvie,sashfullgp@live.com
71a1ea92-7594-47f6-8d81-c5235b5e6b0b,Kalil,ksiburngq@posterous.com
c9cbd9c6-52f0-44ed-b4c9-0d574465d85a,Hettie,hjedrzejgr@yolasite.com
e86fd669-94bc-4c7a-a786-75889e9f453b,Sayre,skuppergs@cisco.com
f21bca61-1045-4fda-a20b-36342a0d7b3a,Jayne,jtranmergt@ustream.tv
c7d9d854-b85a-43d2-b808-81a7c23f1f78,Tiff,truhbengu@google.es
442fa395-f455-4f7e-bf36-392ac336c9b5,Wenonah,wflipekgv@instagram.com
e36f98dd-bee5-4072-b5af-ebe31caf233b,Cindi,cyorathgw@discovery.com
7006ed24-cbce-41fc-bfc8-60e777339267,Idaline,iwogdengx@cnn.com
688d3a4a-8dc2-42d7-9b94-b2272d9e8e50,Wit,wweedenburggy@craigslist.org
295798e9-8732-4e49-964c-40549caffcca,Philippine,pdoretgz@artisteer.com
92b4d440-b6a1-48bb-aff3-9b67f66a3e24,Lindsey,lseersh0@fc2.com
f5b4343c-6806-4165-b67e-99049a4b35a9,Annora,amcglueh1@flavors.me
3d7b0f33-ea7f-4817-b3be-6a1023b4aa13,Leena,lwillettsh2@devhub.com
80060aa1-f08c-44c9-92fd-80b5c38e6a2c,Joice,jnellenh3@stanford.edu
d7d0e5b2-cdd6-4787-b5ad-427faecbca80,Guillemette,gdillingerh4@posterous.com
d168e160-ecfc-423f-af4f-9a3883559d9e,Locke,lgonzaloh5@home.pl
7d3f8ca7-0c1e-4516-b741-983a928df303,Barbee,bbrianceh6@dedecms.com
360b4e63-9b08-459f-b5f3-853ef8680a07,Hymie,hurwenh7@unesco.org
5c7f1fb1-8840-4f52-986a-a85371feeff7,Arni,aschroterh8@etsy.com
8d2cd55d-1df0-4f02-b401-96d1f7ea93cc,Ryann,rbaskervilleh9@deviantart.com
6160db17-51a2-4b5b-b966-3db957e871d0,Latia,lfallaha@smh.com.au
6a4a76e5-4b37-4837-9f1f-090719802370,Dionne,dbrosiushb@telegraph.co.uk
8638f973-057e-4167-b585-1df80ebec528,Sasha,shuegetthc@shinystat.com
9cb959e0-9eaa-46d4-9a4f-835416c1b7ec,Sherlocke,sbelisonhd@youtube.com
81c2c0ba-d3cd-4582-8479-fe3eaa882b19,Doti,dcleverleyhe@imdb.com
f25cb1c5-a603-433e-8aeb-878ad4509dc0,Jerrilee,jpeidrohf@webnode.com
c8a3cfb1-779d-4cb4-8dee-05d6bcbd13c9,Huberto,hwelfairhg@boston.com
c689253d-b4da-498b-a3c8-2b29a6469f6f,Stewart,hbreedeou@theglobeandmail.com
726f967a-1dce-47ac-bda0-eedf41065921,Maybelle,mnotthi@weebly.com
3b6200d9-88b6-46fd-aa27-955d9939cc97,Tricia,tdoolerhj@ebay.com
99c1fe07-3f64-4176-abbc-db7d0af3c3f2,Jenda,jfilipputtihk@army.mil
63320ca5-7b49-4451-8ffa-1ea9c88e020f,Andras,avenushl@jigsy.com
1f27edb0-d2d8-4c90-97e8-6e75bc7f98bc,Rustie,rstoreshm@nhs.uk
4e46c6b8-96c9-466b-b2ff-33289bba5ce0,Cherie,cducarmehn@ameblo.jp
b685476c-a557-4013-8e95-c2224b67cf42,Tripp,tzelakeho@imageshack.us
c30c541e-e0eb-4913-8eb3-d6cc92c56908,Lia,lpackhp@jigsy.com
c77e6a77-a11f-4424-b1c0-812cf9f842bd,Brigida,bscowcrafthq@tiny.cc
be7da97a-5535-42df-9db1-f7d66e06b267,Art,aolferthr@wix.com
c8e88856-e2a7-426b-a95d-48ea89fe4455,Abdul,abergenhs@github.io
2ff91d26-6065-4ae2-b953-a7c164497117,Herby,hribeyht@reddit.com
bd17878e-7fb2-4e4f-84d1-6c6fa0f4dc01,Georgetta,gbawlehu@senate.gov
53998e1f-fca4-4093-aea4-5e005eb2b62a,Dionysus,dvanichevhv@noaa.gov
4d0d4759-a00a-4473-91c5-2b6e40eaf5e4,Easter,ebousteadhw@prweb.com
8249be48-0624-4591-a5f0-a2c30f97b338,Ronny,rmarlehx@mapy.cz
b13ad5ee-f195-4097-9d84-7b783abc199e,Greta,gsillitoehy@hhs.gov
f3e1c94a-7ad6-4da3-9640-23a35f0becf1,Godfry,ggerbihz@npr.org
019b2906-ebe0-4499-9445-de82f5c8258d,Ruperto,rlouthi0@nationalgeographic.com
8ad6839e-3670-4e19-9597-273f93a2905e,Tory,thryncewiczi1@intel.com
d3adfaa0-a2f5-4491-9652-b842dc65a6d6,Nikolaus,negelli2@technorati.com
e8a4e0d4-6ab2-4636-bca8-ff7711afcc34,Jeramey,jtyei3@arstechnica.com
e29fd3f3-300c-4463-91d3-54ac96fa2dea,Vale,vcoddringtoni4@ftc.gov
ca5386d5-2274-4347-a77d-a9f7e1312db3,Alma,ashopcotti5@live.com
31308802-9081-4626-8ab7-cdc64e0fb5fd,Jania,jraisoni6@dot.gov
3ceac925-d3cd-4563-90da-2da4a440d7c7,Annabel,amuzzinii7@yale.edu
5f8ee1b1-e833-4e51-bbe5-a6eaf900844b,Travus,twilliamsoni8@jigsy.com
f1aa8092-f5a2-4927-aac0-5fd0f58342c6,Melissa,mgaymeri9@dyndns.org
9ac4a665-cefe-4dc5-8f85-b1efc3b84db2,Charil,cclaypoolia@cpanel.net
c366ee82-9b61-402d-b782-5bc28d713c22,Aaren,ahuwsib@reuters.com
b80fb1ef-9481-4373-9fd4-19709e792dda,Kim,kmcclellandic@nih.gov
a9d643ad-5a11-40bc-afaf-14e4bbbf62f8,King,kverdieid@washington.edu
cfcd7f65-9e14-4ebd-a859-46f25cea7cbd,Robin,rlyptradeie@squarespace.com
76ff4a3f-9abf-4bc5-b665-87d828f9d641,Bobbette,banningif@typepad.com
9d7f030b-bc11-4c40-83ea-a9292e1cb8b6,Dani,dbenedttiig@google.co.jp
d7f0c8af-a42c-4944-a3fb-b8866e6af3e0,Mercy,mblacklidgeih@istockphoto.com
4ab17c16-20a0-47f6-99fd-145adc4cf661,Hillie,hsquiresii@edublogs.org
02b93b12-5007-4761-b809-c81d3fa3ee64,Freeland,fhuwsij@ycombinator.com
9ddf4d79-7a05-4d6c-8a86-217230f092cf,Marylou,mlibbeik@washingtonpost.com
bf70e27a-48d7-42c4-9e16-919545c43e50,Averyl,agrinnovil@de.vu
0a80d074-560e-4892-8f23-302e618aa583,Anatol,aburginim@cbsnews.com
6f6b3b2c-fe42-49ba-8e69-b483de0a55fc,Renado,rleworthyin@slashdot.org
044f010f-17be-4bf3-ab69-0226a5840476,Foss,fsharvillio@free.fr
bc40caf8-157d-411f-a82c-ee3e62bea632,Val,vkelsoip@japanpost.jp
87025ddd-ef9f-4414-8fe2-7414a9e0ec52,Ferdie,fcripsiq@pbs.org
55e8b802-1d6d-4fd8-917b-7832c46f6509,Kathy,kfinbyir@chronoengine.com
dc6a793b-029d-4eb7-bb60-fa1692e4124a,Minerva,mblackmuiris@woothemes.com
7393c46f-336e-487e-a5c6-4e19ab6eec97,Madelin,mprykeit@harvard.edu
d62fb0c0-5851-41bb-a375-c31c557cc3bc,Maddie,mpietraszekiu@china.com.cn
63a69865-6e1d-443f-8088-e84c39118fe2,Clovis,cketteliv@bbb.org
666303b6-3dc4-4bd8-b617-dc387c057f14,Odelinda,ofisoniw@apache.org
7edef0de-cfb9-4939-a413-b4577ddb5042,Mona,mjewellix@myspace.com
4929a60e-1920-4ed2-ae22-6af42d1796a4,Tallie,thoutbyiy@lycos.com
b1cffbd9-fb61-48b2-ac5d-58b2556704ca,Gorden,groomesiz@mozilla.com
914acca8-1448-429d-ab6a-83f2e4f5e75f,Brenn,btuxellj0@ed.gov
c83ccda3-438a-43ab-8a21-e5a2fa75d7b3,Timothy,tstoltej1@so-net.ne.jp
1ed75e99-ca07-443b-9136-cae45a0ff534,Gerrie,gbalesj2@nbcnews.com
6449c751-d440-441c-bd7b-aab73b5c6525,Dannel,dslotj3@prweb.com
54a872ff-e2c0-4344-ab1b-20bf602116ee,Waldemar,wmclaughlinj4@theguardian.com
a7fbb14e-be93-4462-a400-79ed9bca4977,Ford,fpopplej5@kickstarter.com
75bd72ea-4e13-494a-9a8e-771d427ee679,Carlynne,cbarreauj6@stanford.edu
3e84f855-c901-4bd0-8eb5-446a30728f6d,Teriann,tmcgreadyj7@timesonline.co.uk
59f2bfd1-320b-4667-982b-38317c4bf9fa,Germaine,ggwynethj8@ftc.gov
12efaeb5-fe70-4a0b-810f-a551065f9a42,Kaela,kbranej9@4shared.com
6a97e498-3b14-4cb0-b5cd-bfb9c6cd6428,Moyna,mblessedja@noaa.gov
2dd826d4-9fbe-4087-ae11-eda4ef52ddd2,Ricard,rcatheralljb@cisco.com
2ff979fa-46d3-41d2-b149-47cc70d6373a,Olvan,owarrenerjc@mozilla.com
fdc1bde2-2018-4aab-a13b-cb65fbe67d74,Thibaut,tleckeyjd@geocities.com
7cecb5ce-8653-4dbd-ab55-383b19e46ea4,Jakob,jeannettaje@constantcontact.com
4c0e5a04-2144-45fa-a798-6d5969e1c6fe,Freddy,fedmondsonjf@eventbrite.com
34b38f06-c13c-48cd-a3d1-04d152ab2cdd,Rita,ralibonejg@princeton.edu
ed522ebc-6e69-4e61-b698-4fbeff71af3f,Vernice,vkensitjh@reuters.com
6d02a046-25d1-4df9-8ef2-d8736b9e81e8,Fae,fkerswillji@sciencedaily.com
092b2451-b251-4668-b7e6-b67a1a000107,Stanford,sstotherfieldjj@mozilla.org
40744d7b-8ce7-4528-b9f5-50f13b27e940,Cob,catcockjk@bing.com
7818b0bc-f410-4f67-bdca-74679a8d4653,Rhetta,rcummingsjl@hao123.com
67582912-6248-4307-8f5a-7e1feef86eb1,Pernell,pmcnuttjm@jugem.jp
29d22450-c698-44d6-9465-b44bc3f9a462,Joane,jduplantierjn@globo.com
1cff9d40-edc9-4e94-aaeb-050a76125ef2,Quinta,qbashamjo@nytimes.com
a2d91292-fa05-4838-8c24-2f84343860c1,Geri,gbarendtsenjp@home.pl
c7f1d5d2-1d6b-4611-b70b-6aae59f7880f,Nanon,nkingjq@unicef.org
77107d54-967c-46d8-95f4-ae6c391989e5,Ario,abrounjr@istockphoto.com
1e6533e7-7754-4eca-9fa7-fc58edf161e4,Haslett,hturnjs@vk.com
43319b58-807a-40c6-a0d5-b2a7d2e23cf8,Roobbie,raccombjt@goo.ne.jp
4ff152bd-ee51-4a0b-ac33-ab8d82f647b5,Rhonda,hbreedeou@theglobeandmail.com
62bb6669-bea0-44bd-8966-740430507d3b,Juan,jjancsojv@msn.com
0347b70d-3c51-4a7b-b1b5-e3770b6f5b77,Brent,btollidayjw@answers.com
089e5852-dea8-44af-af49-f3e0837a749f,Scot,sadriennejx@meetup.com
d6e152b2-7db7-4c11-a730-355d41ab8ca5,Cam,ccreebojy@liveinternet.ru
66fbfdb5-0fea-480e-a7f4-613809c9080c,Trevor,torfeurjz@w3.org
bbe7de7d-3aa4-4d74-a09e-83a62ceaeeaf,Constantin,cbyresk0@nba.com
6d376c4c-28f4-420a-b185-842b044bf9a7,Gael,ggeckk1@ibm.com
97cfc52a-7275-4b9e-99e2-1329f3733351,Francine,fmackeegk2@technorati.com
957635e4-715e-473d-9d60-d8dfee4c0800,Maggie,mdavydychevk3@rakuten.co.jp
5bdfef64-5175-4b77-aac6-a1b354588e27,Katerine,kwewellk4@imageshack.us
bd380a0c-b7fc-4c28-966a-58f0d0ed7952,Butch,bbarrowsk5@acquirethisname.com
16574c07-e535-41da-8cb9-cc1e3bcc831a,Devinne,dventamk6@123-reg.co.uk
19c551fe-3dc9-422f-adde-fc4970f8af0a,Vincents,vdimondk7@symantec.com
d86cc859-f791-40d2-923a-489e57c9c706,Ariella,aconrardk8@paypal.com
35aef7e0-3ff7-4a71-9042-51fb97518175,Filip,fleithharveyk9@yellowpages.com
6ea0cc10-30c8-41e5-beab-d421aa62786b,Ruby,rspilsteadka@marketwatch.com
75c363c1-1a43-4d30-9e46-41527a557d54,Abey,apearceykb@fda.gov
c30ec71d-38da-4842-ba8e-9a43a7d98e1b,Beaufort,mmagor6b@xinhuanet.com
c1197a8c-c2c4-42fc-bda8-c76dc5c86fd4,Alanson,aeisenbergkd@umn.edu
14a4f08c-a5be-422c-bc45-b7dfbc0a44af,Glynnis,gboatke@sourceforge.net
0fc3d676-747d-4df9-9d8a-b12b3c1c9123,Rourke,rblenkinshipkf@yellowbook.com
59a04018-0d81-4aa0-a93b-3b0d632056aa,Marlo,hbreedeou@theglobeandmail.com
87889400-a294-4385-922f-c4c0bbc44b57,Alika,arobbekekh@yelp.com
e0de9660-9211-4c99-b405-04676c46b106,Ilyssa,itempertonki@apple.com
03cab80a-f57f-48fe-836b-f545c6e56490,Gael,gwardlekj@xinhuanet.com
8dc7317d-1d2d-4f05-867b-a973871229eb,Carolyn,cjeduchkk@hao123.com
418820d0-ab8a-4c31-b844-dfb1a7bddee2,Ree,rdrinkelkl@adobe.com
3abdfb56-a5c2-4719-b260-b20cded80b37,Leola,lmarwoodkm@mediafire.com
9c4874b4-2d60-431b-a486-9b35faa69cdd,Christopher,cjewarkn@hugedomains.com
84567172-1886-40be-a801-050c17565564,Sibel,storveyko@youtube.com
e5a92c00-c6bc-4b61-aa2f-51813f7e3ebc,Edythe,hbreedeou@theglobeandmail.com
f38bcd12-2847-4ff3-839c-4ad9f4e0e9f3,Jacinda,jwheowallkq@ifeng.com
3407570b-1ee2-4e49-8306-4d995b80577d,Jarrett,jklasskr@goodreads.com
cfaf25cc-92e5-437a-bd0f-d39e4e3d5c74,Eric,earneyks@sourceforge.net
a17786fe-9982-47cd-b526-96392bd1362a,Sari,sprichetkt@ovh.net
97fbb558-a943-4129-a43f-7066dda49e4b,Rex,rbullasku@bluehost.com
6c891fb6-8721-4f27-b1ca-941b1ec214b4,Fran,fredpathkv@timesonline.co.uk
57abe2ae-f3e9-4fda-8a6c-45a6a452a3b4,Hew,hsticklandkw@joomla.org
a2c854c5-18df-4ef3-be11-454e5b1ed7cb,Nessy,nkohnemannkx@thetimes.co.uk
38b73160-3327-4900-99bd-38780cd1137c,Allix,anorthedgeky@liveinternet.ru
9bd71014-0c07-4e74-ac28-142e46c82daa,Nate,ncrockerkz@loc.gov
31503d5e-9d23-41ce-beb2-37f22f247b70,Tobit,thulstroml0@bizjournals.com
f398e9fc-27ff-44d2-a91a-c7bf8ded2eed,Nikolaus,nraittiel1@vistaprint.com
f824ec37-0d3a-4ef3-8065-799686e6156f,Ely,emackowlel2@yolasite.com
13d22aa1-acb1-4cbe-ab88-e8b9317c790d,Lydon,lfranyl3@shinystat.com
d03c4c9d-7a77-401a-8516-9d0fb86ba431,Jenica,jmelburyl4@nba.com
f0049ca2-da08-4404-adb9-171fbe11d25e,Cecelia,cbeaganl5@ed.gov
7280ef99-cf9a-42aa-a742-583cd4a7c67c,Izabel,iprendergastl6@dailymail.co.uk
edd2182a-9906-44f8-8c9e-2227191b9c7e,Lothaire,liveryl7@ihg.com
66617f3d-2bd4-4057-abdc-8695732cdece,Gui,gpeetersl8@nymag.com
283dfcf0-773d-40a7-af69-8abcf83334d5,Gran,gyoxenl9@twitter.com
9dd09508-33b6-4076-aaf8-ddf2fbde3e66,Ruthe,rkingshottla@cbc.ca
01859719-a7a8-4a6f-96b9-d89248bcd924,Nev,nhilliamlb@imgur.com
c3659d09-0373-4733-b9f0-72d454e3148e,Lu,lbraunsteinlc@dropbox.com
7653de92-0a77-40a5-8447-f899ffae7b8c,Petrina,ptatersaleld@tumblr.com
05813609-72d9-4776-92fd-703c557c0fdc,Baryram,boliveyle@deliciousdays.com
f0f4a6b9-fa3d-4e86-9242-b0bbc5d18898,Raffaello,rparradicelf@joomla.org
1a70034b-18a3-43cc-a527-3118c445fb5c,Garrott,ganthonsenlg@ucoz.com
9119d019-9d2e-41fe-b669-909f2c444239,Sheff,sjennionslh@amazon.co.uk
463990e1-5ea2-485c-b12e-5e21fda91594,Hermon,hrearyli@discovery.com
bd4998d0-640b-444f-a303-1a3b6238f917,Mercedes,mvaillj@squidoo.com
31f3f22b-5874-460d-a6e4-9b1d77915958,Nonna,npyelk@facebook.com
027e8394-210b-4aaf-8c72-3809abec0bf1,Kelcey,kkeunell@biglobe.ne.jp
fa8ffcca-d077-4c18-9441-f2e02ad8e37b,Shana,sfeldheimlm@forbes.com
1e511a1a-3654-41b8-bb59-30ef0d0437fb,Porter,pmilkehamln@mtv.com
886bb453-a8a9-4f7b-ab91-0d2aba1836c3,Jewel,jgraingerlo@cyberchimps.com
18937238-b714-4b00-aaa7-b8ec4cf4d454,Quinn,qclemontlp@hexun.com
920c5619-4b66-4b7c-a50b-682f58be4492,Arnold,askainlq@miitbeian.gov.cn
2a34b2e2-80d5-4297-b614-f6211f1992b0,Corney,cpendrilllr@biblegateway.com
39aaff83-f43d-4f73-9dca-597ddb2b6614,Lindsey,llamballs@thetimes.co.uk
896c9287-d775-44d3-ae8b-7550e26d18c0,Osgood,oferaghlt@posterous.com
a544b137-a7d7-4e6d-8629-33bbd605f95a,Kirbie,klyddiattlu@economist.com
f0ba71b2-0bd5-4740-b379-99da067cb331,Michaelina,mstonalllv@pen.io
8bfc0698-f271-4f5a-b345-40ad439900c8,Laurena,lhaszardlw@irs.gov
b6a89f8b-cf09-4346-a9f5-4149cc8da8c6,Isidora,iblackbornlx@pbs.org
07fa9af1-2871-4047-b0fe-0acf96f2ace5,Alaine,ablanninly@disqus.com
e2708420-f0fd-40d2-a92b-1a10d35ced2f,Bernelle,broparslz@psu.edu
d04f1c12-a47c-48d1-a2f5-a05bb818b27a,Gaylord,ghastlerm0@tinypic.com
0aecd2b2-9f74-4e2e-b578-7fb1a638bbc8,Moishe,mtolladym1@pagesperso-orange.fr
b0b3afbc-9778-46dc-b9a7-3f298075bc04,Sharyl,swittmanm2@yandex.ru
c4b607e9-4bb7-47d8-9409-3ddbf9703b32,Lucienne,lerrichim3@theglobeandmail.com
8861c525-59f1-4bc4-be21-e7e485048615,Teddie,tstanyonm4@google.ru
aaee2e6b-61ba-4ab4-b36e-dc8d43559b2c,Hunter,hdriuttim5@issuu.com
601f357c-6f4f-4d38-b261-e7d6f1e71ea2,Harlin,hyitzowitzm6@newyorker.com
02af766c-1950-406d-ac8e-c65e1bdde599,Ivy,imatteam7@wsj.com
d4754098-1ea5-4b5f-97f3-41eec756e379,Ferdy,fbeechingm8@china.com.cn
40c7b72f-b233-48fb-8cdb-f094265fa9de,Moina,mallnuttm9@imgur.com
9bac58b8-a749-46d2-898b-ba45dcf230f7,Fanchette,fsiemianowiczma@rediff.com
0f277f88-f01a-45eb-acba-ec8248b7dbae,Dynah,dpateselmb@jigsy.com
6dc138b9-9845-42fd-8ca0-d7dbab64c9fe,Petrina,pcredlandmc@over-blog.com
c41a290e-5b35-41ec-a906-5edc5785a0a2,Margette,myukhinmd@photobucket.com
cbde777b-8dbb-42c4-acda-e561905336fd,Malissia,mkilmartinme@reference.com
5f22cd93-a389-41db-b1bd-16845f6496fa,Birk,bbewshawmf@tumblr.com
dc9c177b-9ec2-416d-a5aa-30cfb0177f21,Veronica,vlassellsmg@list-manage.com
03c805f2-2c3b-407a-bb46-33432595a522,Alphard,aghionmh@cdbaby.com
04c15f62-5c71-45c3-863d-127db83fad9a,Grissel,gdruerymi@scientificamerican.com
9669564d-c751-48b7-8b35-70dd6e7fbd0a,Trescha,tdavysmj@dion.ne.jp
92d29ad0-4a31-40b5-81b6-356908040efc,Dannie,dknappenmk@hp.com
cd135a1e-15fc-49a4-b8f8-0ea36dc70ddc,Erastus,ehanrahanml@desdev.cn
93d0d532-1f0f-4725-aa98-7c4cd1d0a763,Jewell,jketchenmm@nsw.gov.au
45874264-ab9a-420d-b84f-d2bd6989d154,Dunstan,dreyburnmn@globo.com
43a76b07-e024-41ba-b621-680d2a282a79,Corly,cmoorerudmo@goodreads.com
a7b45905-907d-4dc7-b329-f25d1c28db19,Hewe,hmccanemp@oakley.com
ff790ee6-64fc-40e3-bf26-48384252d189,Tammi,tmatousmq@privacy.gov.au
8f85b064-1cca-460c-9489-5b0c45d3d382,Joanne,jbeanymr@cbslocal.com
6e45f095-b25d-45e2-a5ea-5252e0be6590,Bordy,bjillettms@vistaprint.com
074cbaa4-1292-4434-8ea0-fc505c7a3c69,Allie,awescottmt@ebay.com
11e54464-8304-4a7b-bee6-a682bd6c4f18,Jeanine,jbrocksmu@jigsy.com
d06c5171-ac1c-4a84-a117-3e8f1d4ab2ef,Kate,kbernmv@hatena.ne.jp
54b97279-b0a3-4dda-8644-ea3c7d42d723,Candida,cwainwrightmw@dropbox.com
b53c42f4-d474-430b-be3c-c04a6046ed68,Aveline,acentermx@delicious.com
efc0704f-2389-4e4b-b44d-731c6930220b,Clementine,cffrenchbeytaghmy@hubpages.com
fd9e7ad0-5058-4339-84dd-2210279e615b,Melodie,mdunckleymz@opera.com
a412e843-1eae-43bb-abac-c0fe14196e69,Rabi,rdinesenn0@ca.gov
775a879b-6fc0-48e4-8350-ddc23b4a02e8,Tabitha,tsouthamn1@parallels.com
7cd61a53-ee12-4d1a-ae2b-9d612a6a9769,Minnie,mbaxstairn2@woothemes.com
831c0613-3730-4632-9d54-7a08adecd739,Marga,mnewdickn3@naver.com
43d6e49d-62fc-45dc-b372-71844d754b18,Jennilee,jlodgen4@surveymonkey.com
4d472c99-be7a-491b-ab87-6af38422a4a5,Derward,dregann5@ow.ly
ab2be1a2-7089-413d-96bf-43417ebc7194,Marcelia,mbentermann6@ucoz.ru
3d7df576-5b94-4c1b-9036-349561d9ea45,Diahann,dantonellinin7@earthlink.net
b7f98233-afea-4e26-ab59-34ac207857cb,Dorothee,dcassyn8@independent.co.uk
0bbda570-3a85-4121-b396-c4d4ae8108eb,Tremaine,toldacresn9@ovh.net
354b8497-5e6f-4180-a133-1df9739f754e,Bird,bstothertna@yelp.com
c2ccad6c-f873-4783-b1fe-53eab951af25,Iris,itreadwellnb@mlb.com
443e9624-2c49-47bf-ae54-81c1d5cbf1ec,Daniel,dsegrottnc@dagondesign.com
b184f10e-22bc-457a-b046-3fed73edf6b3,Marcellina,mrowaszkiewicznd@ihg.com
72f4351e-6dd7-4f94-8d0f-dfb3cfedbd11,Wildon,wmizzine@slashdot.org
a72eb1b5-4de1-4603-83f9-780846e7e9b6,Winona,wcornelleaunf@ucoz.ru
f1cc540a-65d3-4cfc-a3d2-6e91736fdfc5,Justina,jtrembeyng@wordpress.com
b5fb7426-5a69-4718-87bf-47d3e948d409,Brandea,bcamerananh@earthlink.net
45ccaf56-593f-4392-8b67-e0a6b4b541d7,Early,epiesoldni@unesco.org
8c8c924a-d4da-4c9a-bdc2-05478569a288,Jo-anne,jlashleynj@home.pl
243e9584-1d19-4bfc-a652-c35d17b72efa,Angela,ajacquestnk@about.com
582a28b1-04a2-496d-81fe-33aad7ba07ca,Rafferty,rcacacienl@blogger.com
da2a0490-3276-4d68-8970-86092f79cb4a,Kale,kklimkonm@yellowpages.com
508fb470-d3ca-461e-9488-163ac6f693f0,Stanleigh,scambellnn@digg.com
ef1d306f-c203-40e5-9106-f5acc1cfd579,Gerda,gmeakeno@newsvine.com
c054bd03-57ff-4d5d-af43-0b321993741a,Dori,dmacgownnp@free.fr
80432261-d8ec-49fb-a1ea-b94bf58c8bdf,Kristofor,kpindrednq@amazon.co.jp
a9619beb-9439-4ce1-93b4-64bfc3d9958d,Maureene,mjayumenr@jiathis.com
18a3f95c-6841-4233-aaa4-cfcd87238dfd,Tilda,tsollowayens@washington.edu
5dafed8c-af67-4000-ba6a-09c365206e87,Caz,cyakuntzovnt@t.co
37badaba-d1a4-4488-840a-cf27caf83a6e,Hedda,hkemberynu@walmart.com
2b2ada41-1266-48a8-bd89-788e93e120ac,Armand,aphillipsnv@domainmarket.com
3755e404-8047-459a-b85c-7d70c5ceddbc,Devland,dwindlessnw@posterous.com
f7f60c2f-b43d-43d5-b64f-12294b8637cf,Stanford,stoppernx@aol.com
41f011b8-dd44-4db8-bc01-919bc09a6107,Clemence,ccaneteny@123-reg.co.uk
b7ebb3a9-1f26-49f3-9b9b-789ee3f64824,Casandra,cpaxfordenz@netvibes.com
19e84d99-f8e4-4ef3-9370-6f286821c98c,Alfreda,akeerlo0@cbc.ca
a8cb84e0-5892-4f1c-aa1e-30b077826bb4,Ximenez,xgillbeeo1@dedecms.com
d0e2d302-d077-4f44-a9d6-ceb54eb73f87,Niki,nmellingo2@fema.gov
3f5ae8ae-e6d5-4c5f-bf12-471d1e47faf7,Lanie,lkyneo3@livejournal.com
ba4ecbe6-157b-49f4-8601-cc82d0549c9b,Neddie,nbroadeyo4@google.ca
0544ffaa-3dc9-4bd5-bcab-86a73eca9b91,Norbert,ngeorgeono5@mysql.com
05a78a62-03b8-4e80-9e35-c3c9dc4ae201,Auguste,acordaroyo6@posterous.com
0261593a-3b23-4aa9-a844-e181a9f3ae14,Grissel,gshortto7@guardian.co.uk
1238e5d9-e03a-460c-b4d1-35a33c57a1f9,Massimiliano,mmannoocho8@studiopress.com
e1aea492-b06d-4cba-bf0b-5661128782a8,Maximilianus,mhartingtono9@issuu.com
02281b92-1c6b-4ba0-8bd7-bebad7abbe1d,Frannie,fsjollemaoa@reverbnation.com
7b1b2593-2d99-4572-a9f5-c823375624fa,Olly,oroggerob@usnews.com
2cb4bb28-80c4-429f-b9ca-ca0d0861e28f,Cami,colohanoc@usda.gov
845ea560-3007-4b64-a551-6be8c5d1a705,Dulcinea,dfigliovanniod@globo.com
024b64d0-29c8-4700-b073-6fb03e9b3fdb,Julietta,jlapleyoe@bloomberg.com
dd3ecb79-9837-4b5c-9b73-48dd934a09b0,Pearle,pdefrancescoof@dedecms.com
60434e27-d7ca-4804-a6ea-01c00342a559,Piotr,pburleighog@mozilla.com
d0c6abdd-f068-496a-a427-ec53cce501d6,Billi,brihaoh@homestead.com
d0b7be0b-0646-43e6-bc80-fc33aa4457c8,Ollie,obondyoi@forbes.com
ef04ea1f-403b-4637-b2ee-d5cd6574b9b9,Debera,djeppoj@rediff.com
02afaf05-ab66-45d8-83da-cdcb221a1b7e,Jerrilyn,jcouroyok@indiatimes.com
dbf4a4e3-34de-4592-9ef7-42c2f1824ca1,Germayne,gjoyceol@wired.com
d9599f7a-da28-4894-9307-f5c07c0dff90,Ximenez,xderbyshireom@nhs.uk
64fab4fd-3319-477b-9423-67a4db7f222f,Flore,fnealyon@amazon.co.uk
afa71f46-9bd2-440f-a972-e0b5ce75b765,Zared,zmccafferyoo@wp.com
88302f12-f637-4300-9f74-29428900188c,Alika,awoodardop@japanpost.jp
191276b9-dce0-4859-a5de-e71ba8fce31d,Conn,cwoodsonoq@intel.com
736d59f2-ec30-4702-8eb8-346d82b12d50,Daisi,divanaevor@amazon.de
3f9f7870-c686-4cc7-a9c7-ece90f449732,Dorolisa,dcowieos@yale.edu
a693868e-8237-4721-a18d-b1a1b5dd9a97,Eunice,epybworthot@creativecommons.org
5793ec77-6bba-42b7-ae19-493a9e073037,Huntington,hbreedeou@theglobeandmail.com
66f04607-37d7-4516-a889-2ae68a316bb7,Ripley,rcrannov@ezinearticles.com
432f976a-36ab-41b0-9820-8755f1dde0c6,Zelda,zcarrelow@dailymail.co.uk
bd4a54f8-1175-44cd-a32f-bc1e0d6c03f4,Noah,nmapotherox@amazonaws.com
97f15434-fa00-491f-8762-7d53e4ac60db,Denny,djanikoy@dell.com
1b1b7edc-f72f-4b82-9d87-26af891c2ec5,Ines,istubleyoz@bbc.co.uk
538ae6ba-d114-4e1e-833a-84a933cf33fc,Vidovic,vdasp0@typepad.com
896f9466-4c7c-4bbf-9f14-6fbb15a5dca9,Bryanty,btuxillp1@statcounter.com
781fd257-4787-4df4-a4ae-dd7392b3b19d,Lucila,lodownep2@paypal.com
3d9db21a-56e4-4aad-bcd8-7166edcf6353,Charity,cvaskovp3@usnews.com
8a0584d7-bd26-4372-936c-6747f975747d,Rich,mmagor6b@xinhuanet.com
07d519a0-c649-4982-af87-02f2210b84b2,Gates,gskehanp5@tamu.edu
06f11cf3-29e5-470a-8268-8f8e3d0b3016,Sheela,smcnuffp6@tamu.edu
6daa1b25-2ef4-4dc1-a3d1-c8751d844457,Bale,bodunneenp7@alexa.com
56805793-e9a6-4d4d-8805-d3781722a96a,Dorisa,dmakenp8@cpanel.net
b3726e2e-8dfc-4dc5-9ffe-e6b9a321c773,Lorrie,ldutsonp9@foxnews.com
30b20b48-72cb-45af-bf70-9a1f8af881f4,Sax,sgreatexpa@jigsy.com
5962af5c-6ee5-47a4-87b7-e079256d8293,Shawn,hbreedeou@theglobeandmail.com
82e1cd6a-59e6-42ad-a79f-0095b4202f8b,Jacquenetta,jsorbeypc@discuz.net
4978c8d0-0a9e-45ff-ba74-468741fffed2,Carmelia,cvalasekpd@rambler.ru
8edf6dd5-f119-4ef6-a2e0-6f06ca3789fa,Katey,kstlegerpe@gov.uk
b843c9ba-5652-4e00-8a9b-d7b6f46605cb,Rudy,rriddpf@devhub.com
880d7a74-5cbf-4d18-adc8-dd82ccdbf1b7,Kassi,kbolampg@goodreads.com
e2ab66a7-a8a3-4abe-abcd-84ac362b6fe7,Jeromy,jcoulsenph@google.cn
69f81888-6a63-4fdc-98c0-376ce88a190c,Suzette,swhyliepi@indiatimes.com
d7ba5967-dc40-446b-b389-ceccebb21f3b,Lawry,llukianovpj@exblog.jp
1817218e-30db-4425-a93f-453edd9ea9f3,Avery,ahebblepk@vkontakte.ru
e6167ee0-3da2-4ef4-a008-e579322554fa,Benny,bsquierpl@cmu.edu
1d7401b4-2989-4557-8ca5-52b182307750,Merry,mstanwaypm@dagondesign.com
501b145f-aaec-4303-9368-1c9970ad1e8d,Rivalee,rotuohypn@flickr.com
dec44c48-12e6-45db-bb04-4d6d930e9497,Denney,dhaycroftpo@odnoklassniki.ru
3c67d80d-4e5e-4caf-b326-a78ee667d4e0,Hanni,hutteridgepp@economist.com
254bdf97-4739-4216-a1bf-603a42e80712,Patric,pspreadburypq@twitpic.com
33fa2c8f-7d99-4ec3-a9fb-b2af10908ff3,Randy,rcrantonpr@over-blog.com
6f9c9c2a-53c7-43f1-ab91-a1cb436e64b4,Lisabeth,lbownassps@miibeian.gov.cn
d259eacd-bc35-4186-bf06-32181113e7ec,Joletta,jdowerspt@so-net.ne.jp
17301293-acb4-4aca-b935-ebcbef354516,Alexandre,agatlandpu@wikia.com
97d21967-402e-49a3-b93b-c150a87aa8c1,Carolina,cfassanpv@europa.eu
0b2483dc-8d7d-4cb8-a851-fd89f74b6843,Kare,kenglishpw@huffingtonpost.com
87959748-d07e-4fa9-9ca1-2e6a4fc93f69,Devin,dfrontczakpx@naver.com
d59c1a00-62d6-4145-b90a-8c955efe7422,Raf,rpiotrkowskipy@cargocollective.com
ad6046c3-4ce3-4ba3-85d1-2acff81c8a59,Nathan,ngeorgelpz@theglobeandmail.com
83a89f69-7823-4819-a41d-3a5c3bafadc8,Tomlin,tsollittq0@last.fm
6984c4e0-9539-46d3-b5a3-189886fc638e,Maurie,mwishamq1@wsj.com
0f6af934-ff83-4183-a0d6-3930fb5798ee,Sheena,sgravetq2@homestead.com
d1355c8e-8d20-4fb6-8100-18f3a755b765,Sunny,smcasterq3@geocities.jp
b1ca7d5d-c381-4cd0-b662-f6641757da75,Jeno,jmcgookinq4@imageshack.us
1f548dbe-085d-4a92-b7b3-5a9132be5f8a,Biddie,byakushkinq5@comcast.net
eda25450-595c-4011-b29f-504bd2dd77f2,Chandal,cmuslimq6@yale.edu
762ad646-508e-422e-b17b-dc5424e20de1,Otho,ohallwellq7@sitemeter.com
af755ee2-0576-4b64-b499-a5c4914de560,Derby,ddurberq8@wunderground.com
88625c73-aa00-4008-aa42-167c0dc71c07,Leigha,lgalletyq9@cpanel.net
9a452a66-e878-47bb-911c-3168a9f988e9,Frayda,fantonucciqa@oakley.com
505611c0-c7b0-4818-b2bf-65a107e6fc68,Arly,acarisqb@boston.com
ee3e5de4-414b-492d-be66-7594aa1d3019,Gillian,gledleyqc@infoseek.co.jp
6a3b9fda-4acf-484a-b0aa-8ca80b294ad8,Davis,dcorderqd@wufoo.com
0618a685-0d2b-4011-a005-c52f3d5f8170,Morgen,mheeksqe@webmd.com
7746dd02-09c0-49a3-9d6d-fcadc06581c8,Justino,jgruczkaqf@list-manage.com
756175ea-9aba-47cc-890c-d32f143984be,Rochella,rrosenboimqg@exblog.jp
11a311a0-224f-402a-8705-a88179c4b447,Georgie,ggreatbanksqh@pcworld.com
50baee96-8a5e-49fa-b392-4b14a7898382,Ethelred,elazarusqi@berkeley.edu
77816b7c-ad0c-4db7-8e35-912cad0d5d20,Harald,hwakerleyqj@discuz.net
673bb832-fcad-481a-9a01-1053a8c3553e,Krisha,kmcgallqk@lycos.com
b21595c8-f15b-4b7d-b298-a8607a02bc83,Cam,cpeedellql@dion.ne.jp
662db5fa-469e-4312-aaf7-f379ded88fd9,Tally,tberteletqm@addtoany.com
f9dc8af2-4a99-4e15-8c53-e1a3e59ecc4a,Jody,jschutteqn@ask.com
d2665075-b713-47b6-9732-2d015920ebad,Paula,phuxsterqo@washington.edu
1dce810e-e3d4-4762-9a8a-0b9da02474d6,Darb,dathyqp@opensource.org
4ae3c190-32a0-465b-8705-f5fdf7d249f7,Reed,rsheatherqq@nhs.uk
61684570-084e-4d36-90cd-b4c72e68b8b6,Mag,mfoystonqr@cnn.com
8ec0e0d9-4865-42ab-91ff-57e331cea012,Imogene,ikolakqs@businessweek.com
32fe4b9a-dbf8-478d-8814-511b3f8376ff,Pat,psetchfieldqt@bloglovin.com
ef76746e-ac62-4ae4-a17f-5e241b4de6cb,Laurena,lcunliffequ@printfriendly.com
36200877-0392-4dd8-a009-e6140a8ae476,Pepita,peulerqv@statcounter.com
912433b9-15d2-48d2-9d1c-e0fb4fc9af76,Sammie,savramowqw@facebook.com
9da9eb1d-a0c3-40d9-9d56-30d24cb5ead2,Anastassia,ahalpineqx@histats.com
dcb49bde-6b0b-4472-a186-54272e734065,Morton,mdenesqy@ycombinator.com
32c892ff-0a39-4948-8417-e9ebcadb3547,Reine,rduesberryqz@examiner.com
8e594020-a5e9-4e10-a2d5-b934ba0dd609,Franky,fbrayleyr0@harvard.edu
c781a5e5-5d4a-4a94-97d0-fb458136c707,Natty,nmarcomber1@nydailynews.com
f1d04850-98cc-4447-8740-9367992ce577,Celinka,cbattamsr2@ovh.net
13cea477-5288-4432-a7cd-27fd3c0a306e,Merv,mbodsworthr3@bbb.org
1d35ccf5-9c7f-4749-a1c4-e79b15c9a062,Ezechiel,efranzettoinir4@miitbeian.gov.cn
bef30205-c033-4d6b-9b6c-6533ce64d0ac,Sonny,smacartneyr5@histats.com
ec6f55cf-4691-4629-812e-871832dc8ac3,Robers,rharfleter6@hc360.com
b8ef055e-f8d8-4900-b79b-bd6354c37422,Everett,eandrear7@nih.gov
f74e2fb2-37c6-4c40-a85b-692f46604f54,Benson,hbreedeou@theglobeandmail.com
866eab50-912b-477d-8fdb-0af6264051e1,Joby,jfinckenr9@youtu.be
85543753-2c77-454a-be98-3f6330c579f9,Thane,ttetsallra@themeforest.net
09fa13e2-0d1d-4595-8d17-a774f28b4f27,Leodora,lstephensrb@drupal.org
f2b2fd69-858e-4b7b-8c89-6ffa9e227073,Diana,dstuchburierc@state.gov
27daf24b-23a0-42e2-8ae9-747aea294278,Timmie,tmasserd@soundcloud.com
3e2019e6-51cb-4d5c-968e-4e38a548162c,Paddy,pworwoodre@java.com
3f703434-4b23-4652-816e-ff10f523b67b,Penelope,pspatarulrf@google.ru
8826b5ed-082f-4a96-9ef9-078eb26ce55b,Perle,pbeckfordrg@usnews.com
f244b725-1bc8-4fdb-b1b4-ce91ade60bad,Cornelle,ccaminrh@usa.gov
e47f4d71-a9bf-45d6-8202-f79bf62617c3,Micky,mblizardri@loc.gov
4d9fc3ce-dfb2-48a0-b23a-18d8280d8444,Peyton,pbraidenrj@barnesandnoble.com
0622a20f-e3ba-46d3-96ff-f7716c53e267,Kendre,kgoldsburyrk@smugmug.com
2efff409-e11d-43e6-b0ae-21b5bd87ea0b,Teddy,tmayhewrl@msu.edu
e2ae7e8a-cc34-40a2-991e-026afa02b978,Rolph,rnizardrm@theglobeandmail.com
531fcbc4-86b7-485f-ab11-e226ba78e899,Ximenes,xlorkingrn@myspace.com
9de48add-27a4-4c3e-a3e4-83f32ff9cd8e,Joellyn,jmingusro@google.co.uk
6c8236b2-6796-40de-adc9-6f13045fc845,Constanta,cfawdreyrp@senate.gov
d8d1f513-2118-480d-bb80-e242f60015fc,Thebault,tdugallrq@technorati.com
7c9104ec-fcd2-4e80-832e-5f1312b0e4b4,Alfreda,hbreedeou@theglobeandmail.com
